,,Team,Player Number,First Name,Last Name,Position,BAT,Contact,Power,Patience,Speed,Strikeout,GB Rate,Control,Stuff
National League,NL West,Arizona Diamondbacks,4,Ketel,Marte,Infielder,B,52,40,55,65,,,,
National League,NL West,Arizona Diamondbacks,2,Geraldo,Perdomo,Infielder,B,52,40,55,65,,,,
National League,NL West,Arizona Diamondbacks,41,Carlos,Santana,Infielder,B,52,40,55,65,,,,
National League,NL West,Arizona Diamondbacks,1,Jorge,Barrosa,Outfielder,B,52,60,35,40,,,,
National League,NL West,Arizona Diamondbacks,50,Philip,Abner,Pitcher,L,,,,,59,60,60,70
National League,NL West,Arizona Diamondbacks,60,Mitch,Bratt,Pitcher,L,,,,,59,60,60,70
National League,NL West,Arizona Diamondbacks,58,Kohl,Drake,Pitcher,L,,,,,59,60,60,70
National League,NL West,Arizona Diamondbacks,55,Brandyn,Garcia,Pitcher,L,,,,,59,60,60,70
National League,NL West,Arizona Diamondbacks,37,Kevin,Ginkel,Pitcher,L,,,,,59,60,60,70
National League,NL West,Arizona Diamondbacks,57,Eduardo,Rodriguez,Pitcher,L,,,,,59,60,60,70
National League,NL West,Arizona Diamondbacks,48,Blake,Walston,Pitcher,L,,,,,59,60,60,70
National League,NL West,Arizona Diamondbacks,1,Adrian,Del,Catcher,L,32,50,35,10,,,,
National League,NL West,Arizona Diamondbacks,26,Pavin,Smith,Infielder,L,52,40,55,65,,,,
National League,NL West,Arizona Diamondbacks,7,Corbin,Carroll,Outfielder,L,52,60,35,40,,,,
National League,NL West,Arizona Diamondbacks,5,Alek,Thomas,Outfielder,L,52,60,35,40,,,,
National League,NL West,Arizona Diamondbacks,52,Juan,Burgos,Pitcher,R,,,,,59,60,60,70
National League,NL West,Arizona Diamondbacks,45,Taylor,Clarke,Pitcher,R,,,,,59,60,60,70
National League,NL West,Arizona Diamondbacks,30,Yilber,Diaz,Pitcher,R,,,,,59,60,60,70
National League,NL West,Arizona Diamondbacks,23,Zac,Gallen,Pitcher,R,,,,,59,60,60,70
National League,NL West,Arizona Diamondbacks,56,Andrew,Hoffmann,Pitcher,R,,,,,59,60,60,70
National League,NL West,Arizona Diamondbacks,92,Grant,Holman,Pitcher,R,,,,,59,60,60,70
National League,NL West,Arizona Diamondbacks,99,Drey,Jameson,Pitcher,R,,,,,59,60,60,70
National League,NL West,Arizona Diamondbacks,29,Merrill,Kelly,Pitcher,R,,,,,59,60,60,70
National League,NL West,Arizona Diamondbacks,64,Cristian,Mena,Pitcher,R,,,,,59,60,60,70
National League,NL West,Arizona Diamondbacks,67,Juan,Morillo,Pitcher,R,,,,,59,60,60,70
National League,NL West,Arizona Diamondbacks,19,Ryne,Nelson,Pitcher,R,,,,,59,60,60,70
National League,NL West,Arizona Diamondbacks,32,Brandon,Pfaadt,Pitcher,R,,,,,59,60,60,70
National League,NL West,Arizona Diamondbacks,61,Dylan,Ray,Pitcher,R,,,,,59,60,60,70
National League,NL West,Arizona Diamondbacks,22,Paul,Sewald,Pitcher,R,,,,,59,60,60,70
National League,NL West,Arizona Diamondbacks,34,Michael,Soroka,Pitcher,R,,,,,59,60,60,70
National League,NL West,Arizona Diamondbacks,24,Kade,Strowd,Pitcher,R,,,,,59,60,60,70
National League,NL West,Arizona Diamondbacks,81,Ryan,Thompson,Pitcher,R,,,,,59,60,60,70
National League,NL West,Arizona Diamondbacks,8,James,McCann,Catcher,R,32,50,35,10,,,,
National League,NL West,Arizona Diamondbacks,14,Gabriel,Moreno,Catcher,R,32,50,35,10,,,,
National League,NL West,Arizona Diamondbacks,28,Nolan,Arenado,Infielder,R,52,40,55,65,,,,
National League,NL West,Arizona Diamondbacks,79,Jose,Fernandez,Infielder,R,52,40,55,65,,,,
National League,NL West,Arizona Diamondbacks,10,Jordan,Lawlar,Infielder,R,52,40,55,65,,,,
National League,NL West,Arizona Diamondbacks,31,Tyler,Locklear,Infielder,R,52,40,55,65,,,,
National League,NL West,Arizona Diamondbacks,13,Tim,Tawa,Infielder,R,52,40,55,65,,,,
National League,NL West,Arizona Diamondbacks,2,Lourdes,Gurriel,Outfielder,R,52,60,35,40,,,,
National League,NL East,Atlanta Braves,20,Jonah,Heim,Catcher,B,32,50,35,10,,,,
National League,NL East,Atlanta Braves,1,Ozzie,Albies,Infielder,B,52,40,55,65,,,,
National League,NL East,Atlanta Braves,17,Jurickson,Profar,Outfielder,B,52,60,35,40,,,,
National League,NL East,Atlanta Braves,49,Aaron,Bummer,Pitcher,L,,,,,59,60,60,70
National League,NL East,Atlanta Braves,46,Dylan,Dodd,Pitcher,L,,,,,59,60,60,70
National League,NL East,Atlanta Braves,79,Hayden,Harris,Pitcher,L,,,,,59,60,60,70
National League,NL East,Atlanta Braves,66,Grant,Holmes,Pitcher,L,,,,,59,60,60,70
National League,NL East,Atlanta Braves,52,Dylan,Lee,Pitcher,L,,,,,59,60,60,70
National League,NL East,Atlanta Braves,51,Chris,Sale,Pitcher,L,,,,,59,60,60,70
National League,NL East,Atlanta Braves,54,Jose,Suarez,Pitcher,L,,,,,59,60,60,70
National League,NL East,Atlanta Braves,33,Joey,Wentz,Pitcher,L,,,,,59,60,60,70
National League,NL East,Atlanta Braves,63,Danny,Young,Pitcher,L,,,,,59,60,60,70
National League,NL East,Atlanta Braves,30,Drake,Baldwin,Catcher,L,32,50,35,10,,,,
National League,NL East,Atlanta Braves,28,Matt,Olson,Infielder,L,52,40,55,65,,,,
National League,NL East,Atlanta Braves,0,Brett,Wisely,Infielder,L,52,40,55,65,,,,
National League,NL East,Atlanta Braves,1,Michael,Harris,Outfielder,L,52,60,35,40,,,,
National League,NL East,Atlanta Braves,18,Mike,Yastrzemski,Outfielder,L,52,60,35,40,,,,
National League,NL East,Atlanta Braves,55,Bryce,Elder,Pitcher,R,,,,,59,60,60,70
National League,NL East,Atlanta Braves,72,Didier,Fuentes,Pitcher,R,,,,,59,60,60,70
National League,NL East,Atlanta Braves,71,Ian,Hamilton,Pitcher,R,,,,,59,60,60,70
National League,NL East,Atlanta Braves,62,Daysbel,Hernandez,Pitcher,R,,,,,59,60,60,70
National League,NL East,Atlanta Braves,26,Raisel,Iglesias,Pitcher,R,,,,,59,60,60,70
National League,NL East,Atlanta Braves,45,Tyler,Kinley,Pitcher,R,,,,,59,60,60,70
National League,NL East,Atlanta Braves,81,Jhancarlos,Lara,Pitcher,R,,,,,59,60,60,70
National League,NL East,Atlanta Braves,40,Reynaldo,Lopez,Pitcher,R,,,,,59,60,60,70
National League,NL East,Atlanta Braves,67,Rolddy,Munoz,Pitcher,R,,,,,59,60,60,70
National League,NL East,Atlanta Braves,34,Joel,Payamps,Pitcher,R,,,,,59,60,60,70
National League,NL East,Atlanta Braves,32,AJ,Smith-Shawver,Pitcher,R,,,,,59,60,60,70
National League,NL East,Atlanta Braves,65,Hunter,Stratton,Pitcher,R,,,,,59,60,60,70
National League,NL East,Atlanta Braves,99,Spencer,Strider,Pitcher,R,,,,,59,60,60,70
National League,NL East,Atlanta Braves,75,Robert,Suarez,Pitcher,R,,,,,59,60,60,70
National League,NL East,Atlanta Braves,64,Hurston,Waldrep,Pitcher,R,,,,,59,60,60,70
National League,NL East,Atlanta Braves,12,Sean,Murphy,Catcher,R,32,50,35,10,,,,
National League,NL East,Atlanta Braves,99,Nacho,Alvarez,Infielder,R,52,40,55,65,,,,
National League,NL East,Atlanta Braves,14,Mauricio,Dubon,Infielder,R,52,40,55,65,,,,
National League,NL East,Atlanta Braves,7,Ha-Seong,Kim,Infielder,R,52,40,55,65,,,,
National League,NL East,Atlanta Braves,2,Jorge,Mateo,Infielder,R,52,40,55,65,,,,
National League,NL East,Atlanta Braves,27,Austin,Riley,Infielder,R,52,40,55,65,,,,
National League,NL East,Atlanta Braves,99,Ronald,Acuna,Outfielder,R,52,60,35,40,,,,
National League,NL East,Atlanta Braves,36,Eli,White,Outfielder,R,52,60,35,40,,,,
American League,AL East,Baltimore Orioles,84,Joshua,Liranzo,Infielder,--,52,40,55,65,,,,
American League,AL East,Baltimore Orioles,85,Reginald,Austin,Outfielder,--,52,60,35,40,,,,
American League,AL East,Baltimore Orioles,66,Anthony,Nunez,Pitcher,B,,,,,59,60,60,70
American League,AL East,Baltimore Orioles,35,Adley,Rutschman,Catcher,B,32,50,35,10,,,,
American League,AL East,Baltimore Orioles,30,Leody,Taveras,Outfielder,B,52,60,35,40,,,,
American League,AL East,Baltimore Orioles,62,Reed,Trimble,Outfielder,B,52,60,35,40,,,,
American League,AL East,Baltimore Orioles,45,Keegan,Akin,Pitcher,L,,,,,59,60,60,70
American League,AL East,Baltimore Orioles,71,Dietrich,Enns,Pitcher,L,,,,,59,60,60,70
American League,AL East,Baltimore Orioles,59,Chayce,McDermott,Pitcher,L,,,,,59,60,60,70
American League,AL East,Baltimore Orioles,37,Cade,Povich,Pitcher,L,,,,,59,60,60,70
American League,AL East,Baltimore Orioles,28,Trevor,Rogers,Pitcher,L,,,,,59,60,60,70
American League,AL East,Baltimore Orioles,48,Grant,Wolfram,Pitcher,L,,,,,59,60,60,70
American League,AL East,Baltimore Orioles,29,Samuel,Basallo,Catcher,L,32,50,35,10,,,,
American League,AL East,Baltimore Orioles,2,Gunnar,Henderson,Infielder,L,52,40,55,65,,,,
American League,AL East,Baltimore Orioles,7,Jackson,Holliday,Infielder,L,52,40,55,65,,,,
American League,AL East,Baltimore Orioles,12,Dylan,Beavers,Outfielder,L,52,60,35,40,,,,
American League,AL East,Baltimore Orioles,17,Colton,Cowser,Outfielder,L,52,60,35,40,,,,
American League,AL East,Baltimore Orioles,13,Heston,Kjerstad,Outfielder,L,52,60,35,40,,,,
American League,AL East,Baltimore Orioles,40,Chris,Bassitt,Pitcher,R,,,,,59,60,60,70
American League,AL East,Baltimore Orioles,34,Shane,Baz,Pitcher,R,,,,,59,60,60,70
American League,AL East,Baltimore Orioles,38,Kyle,Bradish,Pitcher,R,,,,,59,60,60,70
American League,AL East,Baltimore Orioles,78,Yennier,Cano,Pitcher,R,,,,,59,60,60,70
American League,AL East,Baltimore Orioles,24,Zach,Eflin,Pitcher,R,,,,,59,60,60,70
American League,AL East,Baltimore Orioles,70,Jose,Espada,Pitcher,R,,,,,59,60,60,70
American League,AL East,Baltimore Orioles,65,Cameron,Foster,Pitcher,R,,,,,59,60,60,70
American League,AL East,Baltimore Orioles,50,Rico,Garcia,Pitcher,R,,,,,59,60,60,70
American League,AL East,Baltimore Orioles,21,Ryan,Helsley,Pitcher,R,,,,,59,60,60,70
American League,AL East,Baltimore Orioles,76,Yaramil,Hiraldo,Pitcher,R,,,,,59,60,60,70
American League,AL East,Baltimore Orioles,39,Andrew,Kittredge,Pitcher,R,,,,,59,60,60,70
American League,AL East,Baltimore Orioles,57,Jackson,Kowar,Pitcher,R,,,,,59,60,60,70
American League,AL East,Baltimore Orioles,64,Dean,Kremer,Pitcher,R,,,,,59,60,60,70
American League,AL East,Baltimore Orioles,68,Tyler,Wells,Pitcher,R,,,,,59,60,60,70
American League,AL East,Baltimore Orioles,63,Brandon,Young,Pitcher,R,,,,,59,60,60,70
American League,AL East,Baltimore Orioles,23,Blaze,Alexander,Infielder,R,52,40,55,65,,,,
American League,AL East,Baltimore Orioles,25,Pete,Alonso,Infielder,R,52,40,55,65,,,,
American League,AL East,Baltimore Orioles,82,Jeremiah,Jackson,Infielder,R,52,40,55,65,,,,
American League,AL East,Baltimore Orioles,16,Coby,Mayo,Infielder,R,52,40,55,65,,,,
American League,AL East,Baltimore Orioles,6,Ryan,Mountcastle,Infielder,R,52,40,55,65,,,,
American League,AL East,Baltimore Orioles,29,Bryan,Ramos,Infielder,R,52,40,55,65,,,,
American League,AL East,Baltimore Orioles,11,Jordan,Westburg,Infielder,R,52,40,55,65,,,,
American League,AL East,Baltimore Orioles,9,Tyler,O'Neill,Outfielder,R,52,60,35,40,,,,
American League,AL East,Baltimore Orioles,3,Taylor,Ward,Outfielder,R,52,60,35,40,,,,
American League,AL East,Boston Red Soxs,30,Mickey,Gasper,Infielder,B,52,40,55,65,,,,
American League,AL East,Boston Red Soxs,20,Nick,Sogard,Infielder,B,52,40,55,65,,,,
American League,AL East,Boston Red Soxs,64,Jake,Bennett,Pitcher,L,,,,,59,60,60,70
American League,AL East,Boston Red Soxs,44,Aroldis,Chapman,Pitcher,L,,,,,59,60,60,70
American League,AL East,Boston Red Soxs,35,Garrett,Crochet,Pitcher,L,,,,,59,60,60,70
American League,AL East,Boston Red Soxs,71,Connelly,Early,Pitcher,L,,,,,59,60,60,70
American League,AL East,Boston Red Soxs,47,Jovani,Moran,Pitcher,L,,,,,59,60,60,70
American League,AL East,Boston Red Soxs,43,Patrick,Sandoval,Pitcher,L,,,,,59,60,60,70
American League,AL East,Boston Red Soxs,55,Ranger,Suarez,Pitcher,L,,,,,59,60,60,70
American League,AL East,Boston Red Soxs,70,Payton,Tolle,Pitcher,L,,,,,59,60,60,70
American League,AL East,Boston Red Soxs,36,Triston,Casas,Infielder,L,52,40,55,65,,,,
American League,AL East,Boston Red Soxs,39,Tsung-Che,Cheng,Infielder,L,52,40,55,65,,,,
American League,AL East,Boston Red Soxs,11,Marcelo,Mayer,Infielder,L,52,40,55,65,,,,
American League,AL East,Boston Red Soxs,48,Anthony,Seigler,Infielder,L,52,40,55,65,,,,
American League,AL East,Boston Red Soxs,52,Wilyer,Abreu,Outfielder,L,52,60,35,40,,,,
American League,AL East,Boston Red Soxs,19,Roman,Anthony,Outfielder,L,52,60,35,40,,,,
American League,AL East,Boston Red Soxs,16,Jarren,Duran,Outfielder,L,52,60,35,40,,,,
American League,AL East,Boston Red Soxs,7,Masataka,Yoshida,Outfielder,L,52,60,35,40,,,,
American League,AL East,Boston Red Soxs,52,Jay,Allmer,Pitcher,R,,,,,59,60,60,70
American League,AL East,Boston Red Soxs,66,Brayan,Bello,Pitcher,R,,,,,59,60,60,70
American League,AL East,Boston Red Soxs,50,Kutter,Crawford,Pitcher,R,,,,,59,60,60,70
American League,AL East,Boston Red Soxs,54,Sonny,Gray,Pitcher,R,,,,,59,60,60,70
American League,AL East,Boston Red Soxs,76,Zack,Kelly,Pitcher,R,,,,,59,60,60,70
American League,AL East,Boston Red Soxs,29,Johan,Oviedo,Pitcher,R,,,,,59,60,60,70
American League,AL East,Boston Red Soxs,78,Tyler,Samaniego,Pitcher,R,,,,,59,60,60,70
American League,AL East,Boston Red Soxs,88,Michael,Sansone,Pitcher,R,,,,,59,60,60,70
American League,AL East,Boston Red Soxs,63,Justin,Slaten,Pitcher,R,,,,,59,60,60,70
American League,AL East,Boston Red Soxs,56,Ryan,Watson,Pitcher,R,,,,,59,60,60,70
American League,AL East,Boston Red Soxs,57,Greg,Weissert,Pitcher,R,,,,,59,60,60,70
American League,AL East,Boston Red Soxs,22,Garrett,Whitlock,Pitcher,R,,,,,59,60,60,70
American League,AL East,Boston Red Soxs,75,Carlos,Narvaez,,R,35,87,40,89,,,,
American League,AL East,Boston Red Soxs,12,Connor,Wong,,R,1,30,56,33,,,,
American League,AL East,Boston Red Soxs,28,Kristian,Campbell,Infielder,R,52,40,55,65,,,,
American League,AL East,Boston Red Soxs,40,Willson,Contreras,Infielder,R,52,40,55,65,,,,
American League,AL East,Boston Red Soxs,17,Caleb,Durbin,Infielder,R,52,40,55,65,,,,
American League,AL East,Boston Red Soxs,18,Nate,Eaton,Infielder,R,52,40,55,65,,,,
American League,AL East,Boston Red Soxs,23,Romy,Gonzalez,Infielder,R,52,40,55,65,,,,
American League,AL East,Boston Red Soxs,2,Isiah,Kiner-Falefa,Infielder,R,52,40,55,65,,,,
American League,AL East,Boston Red Soxs,32,Andruw,Monasterio,Infielder,R,52,40,55,65,,,,
American League,AL East,Boston Red Soxs,10,Trevor,Story,Infielder,R,52,40,55,65,,,,
American League,AL East,Boston Red Soxs,3,Ceddanne,Rafaela,Outfielder,R,52,60,35,40,,,,
National League,NL Central,Chicago Cubs,75,Pedro,Ramirez,Infielder,B,52,40,55,65,,,,
National League,NL Central,Chicago Cubs,8,Ian,Happ,Outfielder,B,52,60,35,40,,,,
National League,NL Central,Chicago Cubs,16,Matthew,Boyd,Pitcher,L,,,,,59,60,60,70
National League,NL Central,Chicago Cubs,18,Shota,Imanaga,Pitcher,L,,,,,59,60,60,70
National League,NL Central,Chicago Cubs,43,Luke,Little,Pitcher,L,,,,,59,60,60,70
National League,NL Central,Chicago Cubs,94,Riley,Martin,Pitcher,L,,,,,59,60,60,70
National League,NL Central,Chicago Cubs,41,Hoby,Milner,Pitcher,L,,,,,59,60,60,70
National League,NL Central,Chicago Cubs,35,Justin,Steele,Pitcher,L,,,,,59,60,60,70
National League,NL Central,Chicago Cubs,36,Jordan,Wicks,Pitcher,L,,,,,59,60,60,70
National League,NL Central,Chicago Cubs,25,Moises,Ballesteros,Catcher,L,32,50,35,10,,,,
National League,NL Central,Chicago Cubs,29,Michael,Busch,Infielder,L,52,40,55,65,,,,
National League,NL Central,Chicago Cubs,4,Pete,Crow-Armstrong,Outfielder,L,52,60,35,40,,,,
National League,NL Central,Chicago Cubs,72,Javier,Assad,Pitcher,R,,,,,59,60,60,70
National League,NL Central,Chicago Cubs,32,Ben,Brown,Pitcher,R,,,,,59,60,60,70
National League,NL Central,Chicago Cubs,30,Edward,Cabrera,Pitcher,R,,,,,59,60,60,70
National League,NL Central,Chicago Cubs,45,Hunter,Harvey,Pitcher,R,,,,,59,60,60,70
National League,NL Central,Chicago Cubs,37,Porter,Hodge,Pitcher,R,,,,,59,60,60,70
National League,NL Central,Chicago Cubs,46,Gavin,Hollowell,Pitcher,R,,,,,59,60,60,70
National League,NL Central,Chicago Cubs,22,Cade,Horton,Pitcher,R,,,,,59,60,60,70
National League,NL Central,Chicago Cubs,88,Phil,Maton,Pitcher,R,,,,,59,60,60,70
National League,NL Central,Chicago Cubs,77,Shelby,Miller,Pitcher,R,,,,,59,60,60,70
National League,NL Central,Chicago Cubs,47,Jack,Neely,Pitcher,R,,,,,59,60,60,70
National League,NL Central,Chicago Cubs,48,Daniel,Palencia,Pitcher,R,,,,,59,60,60,70
National League,NL Central,Chicago Cubs,53,Colin,Rea,Pitcher,R,,,,,59,60,60,70
National League,NL Central,Chicago Cubs,39,Ethan,Roberts,Pitcher,R,,,,,59,60,60,70
National League,NL Central,Chicago Cubs,33,Ryan,Rolison,Pitcher,R,,,,,59,60,60,70
National League,NL Central,Chicago Cubs,50,Jameson,Taillon,Pitcher,R,,,,,59,60,60,70
National League,NL Central,Chicago Cubs,24,Caleb,Thielbar,Pitcher,R,,,,,59,60,60,70
National League,NL Central,Chicago Cubs,71,Jacob,Webb,Pitcher,R,,,,,59,60,60,70
National League,NL Central,Chicago Cubs,9,Miguel,Amaya,Catcher,R,32,50,35,10,,,,
National League,NL Central,Chicago Cubs,15,Carson,Kelly,Catcher,R,32,50,35,10,,,,
National League,NL Central,Chicago Cubs,17,Tyler,Austin,Infielder,R,52,40,55,65,,,,
National League,NL Central,Chicago Cubs,3,Alex,Bregman,Infielder,R,52,40,55,65,,,,
National League,NL Central,Chicago Cubs,2,Nico,Hoerner,Infielder,R,52,40,55,65,,,,
National League,NL Central,Chicago Cubs,6,Matt,Shaw,Infielder,R,52,40,55,65,,,,
National League,NL Central,Chicago Cubs,7,Dansby,Swanson,Infielder,R,52,40,55,65,,,,
National League,NL Central,Chicago Cubs,95,James,Triantos,Infielder,R,52,40,55,65,,,,
National League,NL Central,Chicago Cubs,13,Kevin,Alcantara,Outfielder,R,52,60,35,40,,,,
National League,NL Central,Chicago Cubs,1,Justin,Dean,Outfielder,R,52,60,35,40,,,,
National League,NL Central,Chicago Cubs,27,Seiya,Suzuki,Outfielder,R,52,60,35,40,,,,
American League,AL Central,Chicago White Sox,7,Edgar,Quero,Catcher,B,32,50,35,10,,,,
American League,AL Central,Chicago White Sox,27,Brooks,Baldwin,Outfielder,B,52,60,35,40,,,,
American League,AL Central,Chicago White Sox,53,Brandon,Eisert,Pitcher,L,,,,,59,60,60,70
American League,AL Central,Chicago White Sox,55,Fraser,Ellard,Pitcher,L,,,,,59,60,60,70
American League,AL Central,Chicago White Sox,40,Tyler,Gilbert,Pitcher,L,,,,,59,60,60,70
American League,AL Central,Chicago White Sox,18,Anthony,Kay,Pitcher,L,,,,,59,60,60,70
American League,AL Central,Chicago White Sox,65,Davis,Martin,Pitcher,L,,,,,59,60,60,70
American League,AL Central,Chicago White Sox,38,Chris,Murphy,Pitcher,L,,,,,59,60,60,70
American League,AL Central,Chicago White Sox,15,Sean,Newcomb,Pitcher,L,,,,,59,60,60,70
American League,AL Central,Chicago White Sox,33,Drew,Thorpe,Pitcher,L,,,,,59,60,60,70
American League,AL Central,Chicago White Sox,61,Mike,Vasil,Pitcher,L,,,,,59,60,60,70
American League,AL Central,Chicago White Sox,8,Kyle,Teel,Catcher,L,32,50,35,10,,,,
American League,AL Central,Chicago White Sox,12,Colson,Montgomery,Infielder,L,52,40,55,65,,,,
American League,AL Central,Chicago White Sox,5,Munetaka,Murakami,Infielder,L,52,40,55,65,,,,
American League,AL Central,Chicago White Sox,23,Andrew,Benintendi,Outfielder,L,52,60,35,40,,,,
American League,AL Central,Chicago White Sox,29,Tristan,Peters,Outfielder,L,52,60,35,40,,,,
American League,AL Central,Chicago White Sox,62,Alexander,Alberto,Pitcher,R,,,,,59,60,60,70
American League,AL Central,Chicago White Sox,52,Prelander,Berroa,Pitcher,R,,,,,59,60,60,70
American League,AL Central,Chicago White Sox,59,Sean,Burke,Pitcher,R,,,,,59,60,60,70
American League,AL Central,Chicago White Sox,48,Jonathan,Cannon,Pitcher,R,,,,,59,60,60,70
American League,AL Central,Chicago White Sox,67,Duncan,Davitt,Pitcher,R,,,,,59,60,60,70
American League,AL Central,Chicago White Sox,58,Seranthony,Dominguez,Pitcher,R,,,,,59,60,60,70
American League,AL Central,Chicago White Sox,47,Erick,Fedde,Pitcher,R,,,,,59,60,60,70
American League,AL Central,Chicago White Sox,66,Wikelman,Gonzalez,Pitcher,R,,,,,59,60,60,70
American League,AL Central,Chicago White Sox,44,Jordan,Hicks,Pitcher,R,,,,,59,60,60,70
American League,AL Central,Chicago White Sox,49,Jordan,Leasure,Pitcher,R,,,,,59,60,60,70
American League,AL Central,Chicago White Sox,68,Tanner,McDougal,Pitcher,R,,,,,59,60,60,70
American League,AL Central,Chicago White Sox,63,Jedixson,Paez,Pitcher,R,,,,,59,60,60,70
American League,AL Central,Chicago White Sox,54,David,Sandlin,Pitcher,R,,,,,59,60,60,70
American League,AL Central,Chicago White Sox,64,Shane,Smith,Pitcher,R,,,,,59,60,60,70
American League,AL Central,Chicago White Sox,31,Grant,Taylor,Pitcher,R,,,,,59,60,60,70
American League,AL Central,Chicago White Sox,26,Korey,Lee,Catcher,R,32,50,35,10,,,,
American League,AL Central,Chicago White Sox,0,Luisangel,Acuna,Infielder,R,52,40,55,65,,,,
American League,AL Central,Chicago White Sox,17,Curtis,Mead,Infielder,R,52,40,55,65,,,,
American League,AL Central,Chicago White Sox,10,Chase,Meidroth,Infielder,R,52,40,55,65,,,,
American League,AL Central,Chicago White Sox,41,Tanner,Murray,Infielder,R,52,40,55,65,,,,
American League,AL Central,Chicago White Sox,50,Lenyn,Sosa,Infielder,R,52,40,55,65,,,,
American League,AL Central,Chicago White Sox,20,Miguel,Vargas,Infielder,R,52,40,55,65,,,,
American League,AL Central,Chicago White Sox,21,Austin,Hays,Outfielder,R,52,60,35,40,,,,
American League,AL Central,Chicago White Sox,25,Derek,Hill,Outfielder,R,52,60,35,40,,,,
American League,AL Central,Chicago White Sox,28,Everson,Pereira,Outfielder,R,52,60,35,40,,,,
National League,NL Central,Cincinnati Reds,56,Edwin,Arroyo,Infielder,B,52,40,55,65,,,,
National League,NL Central,Cincinnati Reds,99,Elly,De,Infielder,B,52,40,55,65,,,,
National League,NL Central,Cincinnati Reds,41,Andrew,Abbott,Pitcher,L,,,,,59,60,60,70
National League,NL Central,Cincinnati Reds,39,Julian,Aguiar,Pitcher,L,,,,,59,60,60,70
National League,NL Central,Cincinnati Reds,23,Graham,Ashcraft,Pitcher,L,,,,,59,60,60,70
National League,NL Central,Cincinnati Reds,49,Brock,Burke,Pitcher,L,,,,,59,60,60,70
National League,NL Central,Cincinnati Reds,40,Nick,Lodolo,Pitcher,L,,,,,59,60,60,70
National League,NL Central,Cincinnati Reds,50,Sam,Moll,Pitcher,L,,,,,59,60,60,70
National League,NL Central,Cincinnati Reds,15,Emilio,Pagan,Pitcher,L,,,,,59,60,60,70
National League,NL Central,Cincinnati Reds,30,Will,Benson,Outfielder,L,52,60,35,40,,,,
National League,NL Central,Cincinnati Reds,22,JJ,Bleday,Outfielder,L,52,60,35,40,,,,
National League,NL Central,Cincinnati Reds,32,Tyler,Callihan,Outfielder,L,52,60,35,40,,,,
National League,NL Central,Cincinnati Reds,29,TJ,Friedl,Outfielder,L,52,60,35,40,,,,
National League,NL Central,Cincinnati Reds,43,Hector,Rodriguez,Outfielder,L,52,60,35,40,,,,
National League,NL Central,Cincinnati Reds,26,Chase,Burns,Pitcher,R,,,,,59,60,60,70
National League,NL Central,Cincinnati Reds,46,Caleb,Ferguson,Pitcher,R,,,,,59,60,60,70
National League,NL Central,Cincinnati Reds,74,Jose,Franco,Pitcher,R,,,,,59,60,60,70
National League,NL Central,Cincinnati Reds,21,Hunter,Greene,Pitcher,R,,,,,59,60,60,70
National League,NL Central,Cincinnati Reds,52,Pierce,Johnson,Pitcher,R,,,,,59,60,60,70
National League,NL Central,Cincinnati Reds,25,Rhett,Lowder,Pitcher,R,,,,,59,60,60,70
National League,NL Central,Cincinnati Reds,47,Luis,Mey,Pitcher,R,,,,,59,60,60,70
National League,NL Central,Cincinnati Reds,61,Chase,Petty,Pitcher,R,,,,,59,60,60,70
National League,NL Central,Cincinnati Reds,34,Connor,Phillips,Pitcher,R,,,,,59,60,60,70
National League,NL Central,Cincinnati Reds,64,Tony,Santillan,Pitcher,R,,,,,59,60,60,70
National League,NL Central,Cincinnati Reds,51,Brady,Singer,Pitcher,R,,,,,59,60,60,70
National League,NL Central,Cincinnati Reds,55,Brandon,Williamson,Pitcher,R,,,,,59,60,60,70
National League,NL Central,Cincinnati Reds,37,Tyler,Stephenson,Catcher,R,32,50,35,10,,,,
National League,NL Central,Cincinnati Reds,35,Jose,Trevino,Catcher,R,32,50,35,10,,,,
National League,NL Central,Cincinnati Reds,85,Leonado,Balcazar,Infielder,R,52,40,55,65,,,,
National League,NL Central,Cincinnati Reds,33,Christian,Encarnacion-Strand,Infielder,R,52,40,55,65,,,,
National League,NL Central,Cincinnati Reds,3,Ke'Bryan,Hayes,Infielder,R,52,40,55,65,,,,
National League,NL Central,Cincinnati Reds,9,Matt,McLain,Infielder,R,52,40,55,65,,,,
National League,NL Central,Cincinnati Reds,7,Spencer,Steer,Infielder,R,52,40,55,65,,,,
National League,NL Central,Cincinnati Reds,27,Sal,Stewart,Infielder,R,52,40,55,65,,,,
National League,NL Central,Cincinnati Reds,28,Eugenio,Suarez,Infielder,R,52,40,55,65,,,,
National League,NL Central,Cincinnati Reds,59,Blake,Dunn,Outfielder,R,52,60,35,40,,,,
National League,NL Central,Cincinnati Reds,57,Rece,Hinds,Outfielder,R,52,60,35,40,,,,
National League,NL Central,Cincinnati Reds,4,Noelvi,Marte,Outfielder,R,52,60,35,40,,,,
National League,NL Central,Cincinnati Reds,17,Dane,Myers,Outfielder,R,52,60,35,40,,,,
American League,AL Central,Cleveland Guardians,74,Juan,Brito,Infielder,B,52,40,55,65,,,,
American League,AL Central,Cleveland Guardians,73,Angel,Genao,Infielder,B,52,40,55,65,,,,
American League,AL Central,Cleveland Guardians,11,Jose,Ramirez,Infielder,B,52,40,55,65,,,,
American League,AL Central,Cleveland Guardians,4,Brayan,Rocchio,Infielder,B,52,40,55,65,,,,
American League,AL Central,Cleveland Guardians,1,Angel,Martinez,Outfielder,B,52,60,35,40,,,,
American League,AL Central,Cleveland Guardians,54,Joey,Cantillo,Pitcher,L,,,,,59,60,60,70
American League,AL Central,Cleveland Guardians,29,Tim,Herrin,Pitcher,L,,,,,59,60,60,70
American League,AL Central,Cleveland Guardians,77,Parker,Messick,Pitcher,L,,,,,59,60,60,70
American League,AL Central,Cleveland Guardians,65,Doug,Nikhazy,Pitcher,L,,,,,59,60,60,70
American League,AL Central,Cleveland Guardians,32,Gavin,Williams,Pitcher,L,,,,,59,60,60,70
American League,AL Central,Cleveland Guardians,23,Bo,Naylor,Catcher,L,32,50,35,10,,,,
American League,AL Central,Cleveland Guardians,2,CJ,Kayfus,Infielder,L,52,40,55,65,,,,
American League,AL Central,Cleveland Guardians,9,Kyle,Manzardo,Infielder,L,52,40,55,65,,,,
American League,AL Central,Cleveland Guardians,10,Daniel,Schneemann,Infielder,L,52,40,55,65,,,,
American League,AL Central,Cleveland Guardians,24,Chase,DeLauter,Outfielder,L,52,60,35,40,,,,
American League,AL Central,Cleveland Guardians,0,Petey,Halpin,Outfielder,L,52,60,35,40,,,,
American League,AL Central,Cleveland Guardians,22,Nolan,Jones,Outfielder,L,52,60,35,40,,,,
American League,AL Central,Cleveland Guardians,38,Steven,Kwan,Outfielder,L,52,60,35,40,,,,
American League,AL Central,Cleveland Guardians,7,George,Valera,Outfielder,L,52,60,35,40,,,,
American League,AL Central,Cleveland Guardians,71,Kahlil,Watson,Outfielder,L,52,60,35,40,,,,
American League,AL Central,Cleveland Guardians,92,Franco,Aleman,Pitcher,R,,,,,59,60,60,70
American League,AL Central,Cleveland Guardians,26,Logan,Allen,Pitcher,R,,,,,59,60,60,70
American League,AL Central,Cleveland Guardians,43,Shawn,Armstrong,Pitcher,R,,,,,59,60,60,70
American League,AL Central,Cleveland Guardians,28,Tanner,Bibee,Pitcher,R,,,,,59,60,60,70
American League,AL Central,Cleveland Guardians,75,Connor,Brogdon,Pitcher,R,,,,,59,60,60,70
American League,AL Central,Cleveland Guardians,44,Slade,Cecconi,Pitcher,R,,,,,59,60,60,70
American League,AL Central,Cleveland Guardians,66,Daniel,Espino,Pitcher,R,,,,,59,60,60,70
American League,AL Central,Cleveland Guardians,52,Matt,Festa,Pitcher,R,,,,,59,60,60,70
American League,AL Central,Cleveland Guardians,33,Hunter,Gaddis,Pitcher,R,,,,,59,60,60,70
American League,AL Central,Cleveland Guardians,95,Yorman,Gomez,Pitcher,R,,,,,59,60,60,70
American League,AL Central,Cleveland Guardians,35,Colin,Holderman,Pitcher,R,,,,,59,60,60,70
American League,AL Central,Cleveland Guardians,63,Peyton,Pallette,Pitcher,R,,,,,59,60,60,70
American League,AL Central,Cleveland Guardians,80,Austin,Peterson,Pitcher,R,,,,,59,60,60,70
American League,AL Central,Cleveland Guardians,62,Erik,Sabrowski,Pitcher,R,,,,,59,60,60,70
American League,AL Central,Cleveland Guardians,36,Cade,Smith,Pitcher,R,,,,,59,60,60,70
American League,AL Central,Cleveland Guardians,91,Andrew,Walters,Pitcher,R,,,,,59,60,60,70
American League,AL Central,Cleveland Guardians,27,Austin,Hedges,Catcher,R,32,50,35,10,,,,
American League,AL Central,Cleveland Guardians,13,Gabriel,Arias,Infielder,R,52,40,55,65,,,,
American League,AL Central,Cleveland Guardians,6,David,Fry,Infielder,R,52,40,55,65,,,,
American League,AL Central,Cleveland Guardians,30,Johnathan,Rodriguez,Outfielder,R,52,60,35,40,,,,
National League,NL West,Colorado Rockies,1,Adael,Amador,Infielder,B,52,40,55,65,,,,
National League,NL West,Colorado Rockies,3,Willi,Castro,Outfielder,B,52,60,35,40,,,,
National League,NL West,Colorado Rockies,83,Brennan,Bernardino,Pitcher,L,,,,,59,60,60,70
National League,NL West,Colorado Rockies,21,Kyle,Freeland,Pitcher,L,,,,,59,60,60,70
National League,NL West,Colorado Rockies,29,Tanner,Gordon,Pitcher,L,,,,,59,60,60,70
National League,NL West,Colorado Rockies,45,Carson,Palmquist,Pitcher,L,,,,,59,60,60,70
National League,NL West,Colorado Rockies,41,Luis,Peralta,Pitcher,L,,,,,59,60,60,70
National League,NL West,Colorado Rockies,6,Edouard,Julien,Infielder,L,52,40,55,65,,,,
National League,NL West,Colorado Rockies,20,Troy,Johnston,Outfielder,L,52,60,35,40,,,,
National League,NL West,Colorado Rockies,31,Jake,McCarthy,Outfielder,L,52,60,35,40,,,,
National League,NL West,Colorado Rockies,22,Mickey,Moniak,Outfielder,L,52,60,35,40,,,,
National League,NL West,Colorado Rockies,30,Sterlin,Thompson,Outfielder,L,52,60,35,40,,,,
National League,NL West,Colorado Rockies,13,Zac,Veen,Outfielder,L,52,60,35,40,,,,
National League,NL West,Colorado Rockies,36,Zach,Agnos,Pitcher,R,,,,,59,60,60,70
National League,NL West,Colorado Rockies,51,McCade,Brown,Pitcher,R,,,,,59,60,60,70
National League,NL West,Colorado Rockies,32,Chase,Dollander,Pitcher,R,,,,,59,60,60,70
National League,NL West,Colorado Rockies,18,Ryan,Feltner,Pitcher,R,,,,,59,60,60,70
National League,NL West,Colorado Rockies,54,Seth,Halvorsen,Pitcher,R,,,,,59,60,60,70
National League,NL West,Colorado Rockies,44,Jimmy,Herget,Pitcher,R,,,,,59,60,60,70
National League,NL West,Colorado Rockies,0,Jaden,Hill,Pitcher,R,,,,,59,60,60,70
National League,NL West,Colorado Rockies,43,Gabriel,Hughes,Pitcher,R,,,,,59,60,60,70
National League,NL West,Colorado Rockies,24,Michael,Lorenzen,Pitcher,R,,,,,59,60,60,70
National League,NL West,Colorado Rockies,47,Juan,Mejia,Pitcher,R,,,,,59,60,60,70
National League,NL West,Colorado Rockies,40,Pierson,Ohl,Pitcher,R,,,,,59,60,60,70
National League,NL West,Colorado Rockies,95,Davison,Palermo,Pitcher,R,,,,,59,60,60,70
National League,NL West,Colorado Rockies,58,RJ,Petit,Pitcher,R,,,,,59,60,60,70
National League,NL West,Colorado Rockies,62,Jose,Quintana,Pitcher,R,,,,,59,60,60,70
National League,NL West,Colorado Rockies,49,Antonio,Senzatela,Pitcher,R,,,,,59,60,60,70
National League,NL West,Colorado Rockies,11,Tomoyuki,Sugano,Pitcher,R,,,,,59,60,60,70
National League,NL West,Colorado Rockies,34,Keegan,Thompson,Pitcher,R,,,,,59,60,60,70
National League,NL West,Colorado Rockies,38,Victor,Vodnik,Pitcher,R,,,,,59,60,60,70
National League,NL West,Colorado Rockies,37,Braxton,Fulford,Catcher,R,32,50,35,10,,,,
National League,NL West,Colorado Rockies,15,Hunter,Goodman,Catcher,R,32,50,35,10,,,,
National League,NL West,Colorado Rockies,16,Blaine,Crim,Infielder,R,52,40,55,65,,,,
National League,NL West,Colorado Rockies,12,Kyle,Karros,Infielder,R,52,40,55,65,,,,
National League,NL West,Colorado Rockies,8,Ryan,Ritter,Infielder,R,52,40,55,65,,,,
National League,NL West,Colorado Rockies,14,Ezequiel,Tovar,Infielder,R,52,40,55,65,,,,
National League,NL West,Colorado Rockies,27,Jordan,Beck,Outfielder,R,52,60,35,40,,,,
National League,NL West,Colorado Rockies,9,Brenton,Doyle,Outfielder,R,52,60,35,40,,,,
National League,NL West,Colorado Rockies,2,Tyler,Freeman,Outfielder,R,52,60,35,40,,,,
American League,AL Central,Detroit Tigers,74,Kenley,Jansen,Pitcher,B,,,,,59,60,60,70
American League,AL Central,Detroit Tigers,49,Thayron,Liranzo,Catcher,B,32,50,35,10,,,,
American League,AL Central,Detroit Tigers,40,Trei,Cruz,Outfielder,B,52,60,35,40,,,,
American League,AL Central,Detroit Tigers,46,Wenceel,Perez,Outfielder,B,52,60,35,40,,,,
American League,AL Central,Detroit Tigers,87,Tyler,Holton,Pitcher,L,,,,,59,60,60,70
American League,AL Central,Detroit Tigers,57,Bailey,Horn,Pitcher,L,,,,,59,60,60,70
American League,AL Central,Detroit Tigers,48,Brant,Hurter,Pitcher,L,,,,,59,60,60,70
American League,AL Central,Detroit Tigers,60,Jake,Miller,Pitcher,L,,,,,59,60,60,70
American League,AL Central,Detroit Tigers,51,Drew,Sommers,Pitcher,L,,,,,59,60,60,70
American League,AL Central,Detroit Tigers,17,Jace,Jung,Infielder,L,52,40,55,65,,,,
American League,AL Central,Detroit Tigers,33,Colt,Keith,Infielder,L,52,40,55,65,,,,
American League,AL Central,Detroit Tigers,39,Zach,McKinstry,Infielder,L,52,40,55,65,,,,
American League,AL Central,Detroit Tigers,27,Trey,Sweeney,Infielder,L,52,40,55,65,,,,
American League,AL Central,Detroit Tigers,30,Kerry,Carpenter,Outfielder,L,52,60,35,40,,,,
American League,AL Central,Detroit Tigers,31,Riley,Greene,Outfielder,L,52,60,35,40,,,,
American League,AL Central,Detroit Tigers,22,Parker,Meadows,Outfielder,L,52,60,35,40,,,,
American League,AL Central,Detroit Tigers,38,Drew,Anderson,Pitcher,R,,,,,59,60,60,70
American League,AL Central,Detroit Tigers,4,Beau,Brieske,Pitcher,R,,,,,59,60,60,70
American League,AL Central,Detroit Tigers,67,Kyle,Finnegan,Pitcher,R,,,,,59,60,60,70
American League,AL Central,Detroit Tigers,9,Jack,Flaherty,Pitcher,R,,,,,59,60,60,70
American League,AL Central,Detroit Tigers,66,Sawyer,Gipson-Long,Pitcher,R,,,,,59,60,60,70
American League,AL Central,Detroit Tigers,75,Brenan,Hanifee,Pitcher,R,,,,,59,60,60,70
American League,AL Central,Detroit Tigers,36,Ty,Madden,Pitcher,R,,,,,59,60,60,70
American League,AL Central,Detroit Tigers,52,Troy,Melton,Pitcher,R,,,,,59,60,60,70
American League,AL Central,Detroit Tigers,12,Casey,Mize,Pitcher,R,,,,,59,60,60,70
American League,AL Central,Detroit Tigers,54,Keider,Montero,Pitcher,R,,,,,59,60,60,70
American League,AL Central,Detroit Tigers,29,Tarik,Skubal,Pitcher,R,,,,,59,60,60,70
American League,AL Central,Detroit Tigers,58,Dylan,Smith,Pitcher,R,,,,,59,60,60,70
American League,AL Central,Detroit Tigers,59,Framber,Valdez,Pitcher,R,,,,,59,60,60,70
American League,AL Central,Detroit Tigers,35,Justin,Verlander,Pitcher,R,,,,,59,60,60,70
American League,AL Central,Detroit Tigers,19,Will,Vest,Pitcher,R,,,,,59,60,60,70
American League,AL Central,Detroit Tigers,13,Dillon,Dingler,Catcher,R,32,50,35,10,,,,
American League,AL Central,Detroit Tigers,34,Jake,Rogers,Catcher,R,32,50,35,10,,,,
American League,AL Central,Detroit Tigers,32,Eduardo,Valencia,Catcher,R,32,50,35,10,,,,
American League,AL Central,Detroit Tigers,50,Hao-Yu,Lee,Infielder,R,52,40,55,65,,,,
American League,AL Central,Detroit Tigers,20,Spencer,Torkelson,Infielder,R,52,40,55,65,,,,
American League,AL Central,Detroit Tigers,25,Gleyber,Torres,Infielder,R,52,40,55,65,,,,
American League,AL Central,Detroit Tigers,28,Javier,Baez,,R,58,77,91,98,,,,
American League,AL Central,Detroit Tigers,18,Jahmai,Jones,Outfielder,R,52,60,35,40,,,,
American League,AL Central,Detroit Tigers,8,Matt,Vierling,Outfielder,R,52,60,35,40,,,,
American League,AL West,Houston Astros,61,Colton,Gordon,Pitcher,L,,,,,59,60,60,70
American League,AL West,Houston Astros,71,Josh,Hader,Pitcher,L,,,,,59,60,60,70
American League,AL West,Houston Astros,99,Lance,McCullers,Pitcher,L,,,,,59,60,60,70
American League,AL West,Houston Astros,48,Steven,Okert,Pitcher,L,,,,,59,60,60,70
American League,AL West,Houston Astros,62,Bennett,Sousa,Pitcher,L,,,,,59,60,60,70
American League,AL West,Houston Astros,60,Brandon,Walter,Pitcher,L,,,,,59,60,60,70
American League,AL West,Houston Astros,18,Cesar,Salazar,Catcher,L,32,50,35,10,,,,
American League,AL West,Houston Astros,44,Yordan,Alvarez,Outfielder,L,52,60,35,40,,,,
American League,AL West,Houston Astros,16,Zach,Cole,Outfielder,L,52,60,35,40,,,,
American League,AL West,Houston Astros,31,Joey,Loperfido,Outfielder,L,52,60,35,40,,,,
American League,AL West,Houston Astros,52,Bryan,Abreu,Pitcher,R,,,,,59,60,60,70
American League,AL West,Houston Astros,54,Jason,Alexander,Pitcher,R,,,,,59,60,60,70
American League,AL West,Houston Astros,41,Spencer,Arrighetti,Pitcher,R,,,,,59,60,60,70
American League,AL West,Houston Astros,56,Ronel,Blanco,Pitcher,R,,,,,59,60,60,70
American League,AL West,Houston Astros,69,AJ,Blubaugh,Pitcher,R,,,,,59,60,60,70
American League,AL West,Houston Astros,58,Hunter,Brown,Pitcher,R,,,,,59,60,60,70
American League,AL West,Houston Astros,50,Mike,Burrows,Pitcher,R,,,,,59,60,60,70
American League,AL West,Houston Astros,99,Enyel,De,Pitcher,R,,,,,59,60,60,70
American League,AL West,Houston Astros,45,Tatsuya,Imai,Pitcher,R,,,,,59,60,60,70
American League,AL West,Houston Astros,53,Cristian,Javier,Pitcher,R,,,,,59,60,60,70
American League,AL West,Houston Astros,74,Bryan,King,Pitcher,R,,,,,59,60,60,70
American League,AL West,Houston Astros,46,Roddery,Munoz,Pitcher,R,,,,,59,60,60,70
American League,AL West,Houston Astros,70,Jayden,Murray,Pitcher,R,,,,,59,60,60,70
American League,AL West,Houston Astros,55,Nate,Pearson,Pitcher,R,,,,,59,60,60,70
American League,AL West,Houston Astros,17,Kai-Wei,Teng,Pitcher,R,,,,,59,60,60,70
American League,AL West,Houston Astros,66,Miguel,Ullola,Pitcher,R,,,,,59,60,60,70
American League,AL West,Houston Astros,51,Ryan,Weiss,Pitcher,R,,,,,59,60,60,70
American League,AL West,Houston Astros,39,Hayden,Wesneski,Pitcher,R,,,,,59,60,60,70
American League,AL West,Houston Astros,21,Yainer,Diaz,Catcher,R,32,50,35,10,,,,
American League,AL West,Houston Astros,20,Nick,Allen,Infielder,R,52,40,55,65,,,,
American League,AL West,Houston Astros,1,Carlos,Correa,Infielder,R,52,40,55,65,,,,
American League,AL West,Houston Astros,28,Brice,Matthews,Infielder,R,52,40,55,65,,,,
American League,AL West,Houston Astros,15,Isaac,Paredes,Infielder,R,52,40,55,65,,,,
American League,AL West,Houston Astros,3,Jeremy,Pena,Infielder,R,52,40,55,65,,,,
American League,AL West,Houston Astros,8,Christian,Walker,Infielder,R,52,40,55,65,,,,
American League,AL West,Houston Astros,27,Jose,Altuve,Outfielder,R,52,60,35,40,,,,
American League,AL West,Houston Astros,9,Zach,Dezenzo,Outfielder,R,52,60,35,40,,,,
American League,AL West,Houston Astros,6,Jake,Meyers,Outfielder,R,52,60,35,40,,,,
American League,AL West,Houston Astros,11,Cam,Smith,Outfielder,R,52,60,35,40,,,,
American League,AL West,Houston Astros,10,Shay,Whitcomb,Outfielder,R,52,60,35,40,,,,
American League,AL Central,Kansas City Royals,1,Isaac,Collins,Outfielder,B,52,60,35,40,,,,
American League,AL Central,Kansas City Royals,8,Drew,Waters,Outfielder,B,52,60,35,40,,,,
American League,AL Central,Kansas City Royals,50,Kris,Bubic,Pitcher,L,,,,,59,60,60,70
American League,AL Central,Kansas City Royals,65,Noah,Cameron,Pitcher,L,,,,,59,60,60,70
American League,AL Central,Kansas City Royals,60,Lucas,Erceg,Pitcher,L,,,,,59,60,60,70
American League,AL Central,Kansas City Royals,99,Daniel,Lynch,Pitcher,L,,,,,59,60,60,70
American League,AL Central,Kansas City Royals,55,Cole,Ragans,Pitcher,L,,,,,59,60,60,70
American League,AL Central,Kansas City Royals,63,Steven,Zobac,Pitcher,L,,,,,59,60,60,70
American League,AL Central,Kansas City Royals,22,Carter,Jensen,Catcher,L,32,50,35,10,,,,
American League,AL Central,Kansas City Royals,19,Michael,Massey,Infielder,L,52,40,55,65,,,,
American League,AL Central,Kansas City Royals,9,Vinnie,Pasquantino,Infielder,L,52,40,55,65,,,,
American League,AL Central,Kansas City Royals,14,Jac,Caglianone,Outfielder,L,52,60,35,40,,,,
American League,AL Central,Kansas City Royals,28,Kyle,Isbel,Outfielder,L,52,60,35,40,,,,
American League,AL Central,Kansas City Royals,26,Kameron,Misner,Outfielder,L,52,60,35,40,,,,
American League,AL Central,Kansas City Royals,16,John,Rave,Outfielder,L,52,60,35,40,,,,
American League,AL Central,Kansas City Royals,58,Luinder,Avila,Pitcher,R,,,,,59,60,60,70
American League,AL Central,Kansas City Royals,38,Ryan,Bergert,Pitcher,R,,,,,59,60,60,70
American League,AL Central,Kansas City Royals,47,Mason,Black,Pitcher,R,,,,,59,60,60,70
American League,AL Central,Kansas City Royals,61,Eric,Cerantola,Pitcher,R,,,,,59,60,60,70
American League,AL Central,Kansas City Royals,64,Steven,Cruz,Pitcher,R,,,,,59,60,60,70
American League,AL Central,Kansas City Royals,53,Carlos,Estevez,Pitcher,R,,,,,59,60,60,70
American League,AL Central,Kansas City Royals,36,Bailey,Falter,Pitcher,R,,,,,59,60,60,70
American League,AL Central,Kansas City Royals,32,Stephen,Kolek,Pitcher,R,,,,,59,60,60,70
American League,AL Central,Kansas City Royals,59,Ben,Kudrna,Pitcher,R,,,,,59,60,60,70
American League,AL Central,Kansas City Royals,56,Alex,Lange,Pitcher,R,,,,,59,60,60,70
American League,AL Central,Kansas City Royals,67,Seth,Lugo,Pitcher,R,,,,,59,60,60,70
American League,AL Central,Kansas City Royals,66,James,McArthur,Pitcher,R,,,,,59,60,60,70
American League,AL Central,Kansas City Royals,31,Nick,Mears,Pitcher,R,,,,,59,60,60,70
American League,AL Central,Kansas City Royals,46,John,Schreiber,Pitcher,R,,,,,59,60,60,70
American League,AL Central,Kansas City Royals,54,Mitch,Spence,Pitcher,R,,,,,59,60,60,70
American League,AL Central,Kansas City Royals,25,Matt,Strahm,Pitcher,R,,,,,59,60,60,70
American League,AL Central,Kansas City Royals,52,Michael,Wacha,Pitcher,R,,,,,59,60,60,70
American League,AL Central,Kansas City Royals,30,Kyle,Wright,Pitcher,R,,,,,59,60,60,70
American League,AL Central,Kansas City Royals,13,Salvador,Perez,Catcher,R,32,50,35,10,,,,
American League,AL Central,Kansas City Royals,11,Maikel,Garcia,Infielder,R,52,40,55,65,,,,
American League,AL Central,Kansas City Royals,6,Jonathan,India,Infielder,R,52,40,55,65,,,,
American League,AL Central,Kansas City Royals,2,Tyler,Tolbert,Infielder,R,52,40,55,65,,,,
American League,AL Central,Kansas City Royals,99,Bobby,Witt,Infielder,R,52,40,55,65,,,,
American League,AL Central,Kansas City Royals,44,Dairon,Blanco,Outfielder,R,52,60,35,40,,,,
American League,AL Central,Kansas City Royals,12,Nick,Loftin,Outfielder,R,52,60,35,40,,,,
American League,AL Central,Kansas City Royals,15,Lane,Thomas,Outfielder,R,52,60,35,40,,,,
American League,AL West,Las Vegas Athletics,53,Gunnar,Hoglund,Pitcher,L,,,,,59,60,60,70
American League,AL West,Las Vegas Athletics,57,Jacob,Lopez,Pitcher,L,,,,,59,60,60,70
American League,AL West,Las Vegas Athletics,59,Jeffrey,Springs,Pitcher,L,,,,,59,60,60,70
American League,AL West,Las Vegas Athletics,16,Nick,Kurtz,Infielder,L,52,40,55,65,,,,
American League,AL West,Las Vegas Athletics,22,Jeff,McNeil,Infielder,L,52,40,55,65,,,,
American League,AL West,Las Vegas Athletics,4,Lawrence,Butler,Outfielder,L,52,60,35,40,,,,
American League,AL West,Las Vegas Athletics,26,Carlos,Cortes,Outfielder,L,52,60,35,40,,,,
American League,AL West,Las Vegas Athletics,21,Tyler,Soderstrom,Outfielder,L,52,60,35,40,,,,
American League,AL West,Las Vegas Athletics,61,Elvis,Alvarado,Pitcher,R,,,,,59,60,60,70
American League,AL West,Las Vegas Athletics,76,Henry,Baez,Pitcher,R,,,,,59,60,60,70
American League,AL West,Las Vegas Athletics,58,Scott,Barlow,Pitcher,R,,,,,59,60,60,70
American League,AL West,Las Vegas Athletics,66,Brady,Basso,Pitcher,R,,,,,59,60,60,70
American League,AL West,Las Vegas Athletics,45,Aaron,Civale,Pitcher,R,,,,,59,60,60,70
American League,AL West,Las Vegas Athletics,68,Joey,Estes,Pitcher,R,,,,,59,60,60,70
American League,AL West,Las Vegas Athletics,44,Tyler,Ferguson,Pitcher,R,,,,,59,60,60,70
American League,AL West,Las Vegas Athletics,35,J.T.,Ginn,Pitcher,R,,,,,59,60,60,70
American League,AL West,Las Vegas Athletics,36,Hogan,Harris,Pitcher,R,,,,,59,60,60,70
American League,AL West,Las Vegas Athletics,49,Michael,Kelly,Pitcher,R,,,,,59,60,60,70
American League,AL West,Las Vegas Athletics,99,Mark,Leiter,Pitcher,R,,,,,59,60,60,70
American League,AL West,Las Vegas Athletics,46,Luis,Medina,Pitcher,R,,,,,59,60,60,70
American League,AL West,Las Vegas Athletics,19,Luis,Morales,Pitcher,R,,,,,59,60,60,70
American League,AL West,Las Vegas Athletics,78,Braden,Nett,Pitcher,R,,,,,59,60,60,70
American League,AL West,Las Vegas Athletics,54,Eduarniel,Nunez,Pitcher,R,,,,,59,60,60,70
American League,AL West,Las Vegas Athletics,50,Jack,Perkins,Pitcher,R,,,,,59,60,60,70
American League,AL West,Las Vegas Athletics,40,Luis,Severino,Pitcher,R,,,,,59,60,60,70
American League,AL West,Las Vegas Athletics,60,Justin,Sterner,Pitcher,R,,,,,59,60,60,70
American League,AL West,Las Vegas Athletics,73,Chen,Zhuang,Pitcher,R,,,,,59,60,60,70
American League,AL West,Las Vegas Athletics,23,Shea,Langeliers,Catcher,R,32,50,35,10,,,,
American League,AL West,Las Vegas Athletics,29,Austin,Wynns,Catcher,R,32,50,35,10,,,,
American League,AL West,Las Vegas Athletics,20,Zack,Gelof,Infielder,R,52,40,55,65,,,,
American League,AL West,Las Vegas Athletics,11,Brett,Harris,Infielder,R,52,40,55,65,,,,
American League,AL West,Las Vegas Athletics,2,Darell,Hernaiz,Infielder,R,52,40,55,65,,,,
American League,AL West,Las Vegas Athletics,77,Andy,Ibanez,Infielder,R,52,40,55,65,,,,
American League,AL West,Las Vegas Athletics,3,Max,Muncy,Infielder,R,52,40,55,65,,,,
American League,AL West,Las Vegas Athletics,5,Jacob,Wilson,Infielder,R,52,40,55,65,,,,
American League,AL West,Las Vegas Athletics,1,Denzel,Clarke,Outfielder,R,52,60,35,40,,,,
American League,AL West,Las Vegas Athletics,70,Junior,Perez,Outfielder,R,52,60,35,40,,,,
American League,AL West,Las Vegas Athletics,25,Brent,Rooker,Outfielder,R,52,60,35,40,,,,
American League,AL West,Las Vegas Athletics,32,Colby,Thomas,Outfielder,R,52,60,35,40,,,,
American League,AL West,Los Angeles Angels,32,Ryan,Johnson,Pitcher,B,,,,,59,60,60,70
American League,AL West,Los Angeles Angels,10,Yoan,Moncada,Infielder,B,52,40,55,65,,,,
American League,AL West,Los Angeles Angels,61,Sam,Aldegheri,Pitcher,L,,,,,59,60,60,70
American League,AL West,Los Angeles Angels,36,Caden,Dana,Pitcher,L,,,,,59,60,60,70
American League,AL West,Los Angeles Angels,48,Reid,Detmers,Pitcher,L,,,,,59,60,60,70
American League,AL West,Los Angeles Angels,70,Mitch,Farris,Pitcher,L,,,,,59,60,60,70
American League,AL West,Los Angeles Angels,16,Yusei,Kikuchi,Pitcher,L,,,,,59,60,60,70
American League,AL West,Los Angeles Angels,41,Jack,Kochanowicz,Pitcher,L,,,,,59,60,60,70
American League,AL West,Los Angeles Angels,21,Grayson,Rodriguez,Pitcher,L,,,,,59,60,60,70
American League,AL West,Los Angeles Angels,77,Jayvien,Sandridge,Pitcher,L,,,,,59,60,60,70
American League,AL West,Los Angeles Angels,37,Brent,Suter,Pitcher,L,,,,,59,60,60,70
American League,AL West,Los Angeles Angels,39,Kirby,Yates,Pitcher,L,,,,,59,60,60,70
American League,AL West,Los Angeles Angels,18,Nolan,Schanuel,Infielder,L,52,40,55,65,,,,
American League,AL West,Los Angeles Angels,3,Josh,Lowe,Outfielder,L,52,60,35,40,,,,
American League,AL West,Los Angeles Angels,40,Sam,Bachman,Pitcher,R,,,,,59,60,60,70
American League,AL West,Los Angeles Angels,65,Jose,Fermin,Pitcher,R,,,,,59,60,60,70
American League,AL West,Los Angeles Angels,44,Ben,Joyce,Pitcher,R,,,,,59,60,60,70
American League,AL West,Los Angeles Angels,47,Alek,Manoah,Pitcher,R,,,,,59,60,60,70
American League,AL West,Los Angeles Angels,58,Victor,Mederos,Pitcher,R,,,,,59,60,60,70
American League,AL West,Los Angeles Angels,13,Drew,Pomeranz,Pitcher,R,,,,,59,60,60,70
American League,AL West,Los Angeles Angels,68,Jordan,Romano,Pitcher,R,,,,,59,60,60,70
American League,AL West,Los Angeles Angels,63,Chase,Silseth,Pitcher,R,,,,,59,60,60,70
American League,AL West,Los Angeles Angels,59,Jose,Soriano,Pitcher,R,,,,,59,60,60,70
American League,AL West,Los Angeles Angels,24,Robert,Stephenson,Pitcher,R,,,,,59,60,60,70
American League,AL West,Los Angeles Angels,57,Walbert,Urena,Pitcher,R,,,,,59,60,60,70
American League,AL West,Los Angeles Angels,56,Ryan,Zeferjahn,Pitcher,R,,,,,59,60,60,70
American League,AL West,Los Angeles Angels,25,Travis,d'Arnaud,Catcher,R,32,50,35,10,,,,
American League,AL West,Los Angeles Angels,14,Logan,O'Hoppe,Catcher,R,32,50,35,10,,,,
American League,AL West,Los Angeles Angels,5,Vaughn,Grissom,Infielder,R,52,40,55,65,,,,
American League,AL West,Los Angeles Angels,23,Denzer,Guzman,Infielder,R,52,40,55,65,,,,
American League,AL West,Los Angeles Angels,4,Christian,Moore,Infielder,R,52,40,55,65,,,,
American League,AL West,Los Angeles Angels,9,Zach,Neto,Infielder,R,52,40,55,65,,,,
American League,AL West,Los Angeles Angels,19,Kyren,Paris,Infielder,R,52,40,55,65,,,,
American League,AL West,Los Angeles Angels,17,Oswald,Peraza,Infielder,R,52,40,55,65,,,,
American League,AL West,Los Angeles Angels,6,Anthony,Rendon,Infielder,R,52,40,55,65,,,,
American League,AL West,Los Angeles Angels,7,Jo,Adell,Outfielder,R,52,60,35,40,,,,
American League,AL West,Los Angeles Angels,15,Matthew,Lugo,Outfielder,R,52,60,35,40,,,,
American League,AL West,Los Angeles Angels,12,Jorge,Soler,Outfielder,R,52,60,35,40,,,,
American League,AL West,Los Angeles Angels,22,Bryce,Teodosio,Outfielder,R,52,60,35,40,,,,
American League,AL West,Los Angeles Angels,27,Mike,Trout,Outfielder,R,52,60,35,40,,,,
National League,NL West,Los Angeles Dodgers,25,Tommy,Edman,Infielder,B,52,40,55,65,,,,
National League,NL West,Los Angeles Dodgers,76,Alex,Freeland,Infielder,B,52,40,55,65,,,,
National League,NL West,Los Angeles Dodgers,31,Tyler,Glasnow,Pitcher,L,,,,,59,60,60,70
National League,NL West,Los Angeles Dodgers,96,Landon,Knack,Pitcher,L,,,,,59,60,60,70
National League,NL West,Los Angeles Dodgers,83,Ronan,Kopp,Pitcher,L,,,,,59,60,60,70
National League,NL West,Los Angeles Dodgers,28,Bobby,Miller,Pitcher,L,,,,,59,60,60,70
National League,NL West,Los Angeles Dodgers,7,Blake,Snell,Pitcher,L,,,,,59,60,60,70
National League,NL West,Los Angeles Dodgers,41,Brock,Stewart,Pitcher,L,,,,,59,60,60,70
National League,NL West,Los Angeles Dodgers,51,Alex,Vesia,Pitcher,L,,,,,59,60,60,70
National League,NL West,Los Angeles Dodgers,70,Justin,Wrobleski,Pitcher,L,,,,,59,60,60,70
National League,NL West,Los Angeles Dodgers,68,Dalton,Rushing,Catcher,L,32,50,35,10,,,,
National League,NL West,Los Angeles Dodgers,5,Freddie,Freeman,Infielder,L,52,40,55,65,,,,
National League,NL West,Los Angeles Dodgers,6,Hyeseong,Kim,Infielder,L,52,40,55,65,,,,
National League,NL West,Los Angeles Dodgers,13,Max,Muncy,Infielder,L,52,40,55,65,,,,
National League,NL West,Los Angeles Dodgers,47,Michael,Siani,Outfielder,L,52,60,35,40,,,,
National League,NL West,Los Angeles Dodgers,23,Kyle,Tucker,Outfielder,L,52,60,35,40,,,,
National League,NL West,Los Angeles Dodgers,67,Ryan,Ward,Outfielder,L,52,60,35,40,,,,
National League,NL West,Los Angeles Dodgers,17,Shohei,Ohtani,DH,L,67,85,40,40,64,,,
National League,NL West,Los Angeles Dodgers,78,Ben,Casparius,Pitcher,R,,,,,59,60,60,70
National League,NL West,Los Angeles Dodgers,3,Edwin,Diaz,Pitcher,R,,,,,59,60,60,70
National League,NL West,Los Angeles Dodgers,86,Jack,Dreyer,Pitcher,R,,,,,59,60,60,70
National League,NL West,Los Angeles Dodgers,65,Paul,Gervase,Pitcher,R,,,,,59,60,60,70
National League,NL West,Los Angeles Dodgers,48,Brusdar,Graterol,Pitcher,R,,,,,59,60,60,70
National League,NL West,Los Angeles Dodgers,60,Edgardo,Henriquez,Pitcher,R,,,,,59,60,60,70
National League,NL West,Los Angeles Dodgers,63,Kyle,Hurt,Pitcher,R,,,,,59,60,60,70
National League,NL West,Los Angeles Dodgers,61,Will,Klein,Pitcher,R,,,,,59,60,60,70
National League,NL West,Los Angeles Dodgers,77,River,Ryan,Pitcher,R,,,,,59,60,60,70
National League,NL West,Los Angeles Dodgers,11,Roki,Sasaki,Pitcher,R,,,,,59,60,60,70
National League,NL West,Los Angeles Dodgers,66,Tanner,Scott,Pitcher,R,,,,,59,60,60,70
National League,NL West,Los Angeles Dodgers,80,Emmet,Sheehan,Pitcher,R,,,,,59,60,60,70
National League,NL West,Los Angeles Dodgers,35,Gavin,Stone,Pitcher,R,,,,,59,60,60,70
National League,NL West,Los Angeles Dodgers,49,Blake,Treinen,Pitcher,R,,,,,59,60,60,70
National League,NL West,Los Angeles Dodgers,18,Yoshinobu,Yamamoto,Pitcher,R,,,,,59,60,60,70
National League,NL West,Los Angeles Dodgers,16,Will,Smith,Catcher,R,32,50,35,10,,,,
National League,NL West,Los Angeles Dodgers,50,Mookie,Betts,Infielder,R,52,40,55,65,,,,
National League,NL West,Los Angeles Dodgers,8,Enrique,Hernandez,Infielder,R,52,40,55,65,,,,
National League,NL West,Los Angeles Dodgers,72,Miguel,Rojas,Infielder,R,52,40,55,65,,,,
National League,NL West,Los Angeles Dodgers,12,Alex,Call,Outfielder,R,52,60,35,40,,,,
National League,NL West,Los Angeles Dodgers,37,Teoscar,Hernandez,Outfielder,R,52,60,35,40,,,,
National League,NL West,Los Angeles Dodgers,44,Andy,Pages,Outfielder,R,52,60,35,40,,,,
National League,NL East,Miami Marlins,9,Xavier,Edwards,Infielder,B,52,40,55,65,,,,
National League,NL East,Miami Marlins,40,Garrett,Acton,Pitcher,L,,,,,59,60,60,70
National League,NL East,Miami Marlins,90,Dax,Fulton,Pitcher,L,,,,,59,60,60,70
National League,NL East,Miami Marlins,58,Cade,Gibson,Pitcher,L,,,,,59,60,60,70
National League,NL East,Miami Marlins,47,John,King,Pitcher,L,,,,,59,60,60,70
National League,NL East,Miami Marlins,23,Max,Meyer,Pitcher,L,,,,,59,60,60,70
National League,NL East,Miami Marlins,43,Andrew,Nardi,Pitcher,L,,,,,59,60,60,70
National League,NL East,Miami Marlins,34,Liam,Hicks,Catcher,L,32,50,35,10,,,,
National League,NL East,Miami Marlins,80,Joe,Mack,Catcher,L,32,50,35,10,,,,
National League,NL East,Miami Marlins,21,Graham,Pauley,Infielder,L,52,40,55,65,,,,
National League,NL East,Miami Marlins,17,Owen,Caissie,Outfielder,L,52,60,35,40,,,,
National League,NL East,Miami Marlins,18,Griffin,Conine,Outfielder,L,52,60,35,40,,,,
National League,NL East,Miami Marlins,87,Jakob,Marsee,Outfielder,L,52,60,35,40,,,,
National League,NL East,Miami Marlins,28,Kyle,Stowers,Outfielder,L,52,60,35,40,,,,
National League,NL East,Miami Marlins,22,Sandy,Alcantara,Pitcher,R,,,,,59,60,60,70
National League,NL East,Miami Marlins,84,Lake,Bachar,Pitcher,R,,,,,59,60,60,70
National League,NL East,Miami Marlins,37,Anthony,Bender,Pitcher,R,,,,,59,60,60,70
National League,NL East,Miami Marlins,31,Bradley,Blalock,Pitcher,R,,,,,59,60,60,70
National League,NL East,Miami Marlins,29,Pete,Fairbanks,Pitcher,R,,,,,59,60,60,70
National League,NL East,Miami Marlins,53,Calvin,Faucher,Pitcher,R,,,,,59,60,60,70
National League,NL East,Miami Marlins,20,Braxton,Garrett,Pitcher,R,,,,,59,60,60,70
National League,NL East,Miami Marlins,65,Ryan,Gusto,Pitcher,R,,,,,59,60,60,70
National League,NL East,Miami Marlins,26,Janson,Junk,Pitcher,R,,,,,59,60,60,70
National League,NL East,Miami Marlins,71,William,Kempner,Pitcher,R,,,,,59,60,60,70
National League,NL East,Miami Marlins,60,Adam,Mazur,Pitcher,R,,,,,59,60,60,70
National League,NL East,Miami Marlins,33,Chris,Paddack,Pitcher,R,,,,,59,60,60,70
National League,NL East,Miami Marlins,39,Eury,Perez,Pitcher,R,,,,,59,60,60,70
National League,NL East,Miami Marlins,49,Michael,Petersen,Pitcher,R,,,,,59,60,60,70
National League,NL East,Miami Marlins,30,Tyler,Phillips,Pitcher,R,,,,,59,60,60,70
National League,NL East,Miami Marlins,59,Joshua,White,Pitcher,R,,,,,59,60,60,70
National League,NL East,Miami Marlins,50,Agustin,Ramirez,Catcher,R,32,50,35,10,,,,
National League,NL East,Miami Marlins,24,Maximo,Acosta,Infielder,R,52,40,55,65,,,,
National League,NL East,Miami Marlins,99,Deyvison,De,Infielder,R,52,40,55,65,,,,
National League,NL East,Miami Marlins,6,Otto,Lopez,Infielder,R,52,40,55,65,,,,
National League,NL East,Miami Marlins,1,Connor,Norby,Infielder,R,52,40,55,65,,,,
National League,NL East,Miami Marlins,8,Javier,Sanoja,Infielder,R,52,40,55,65,,,,
National League,NL East,Miami Marlins,68,Jared,Serna,Infielder,R,52,40,55,65,,,,
National League,NL East,Miami Marlins,13,Heriberto,Hernandez,Outfielder,R,52,60,35,40,,,,
National League,NL East,Miami Marlins,5,Christopher,Morel,Outfielder,R,52,60,35,40,,,,
National League,NL East,Miami Marlins,3,Esteury,Ruiz,Outfielder,R,52,60,35,40,,,,
National League,NL Central,Milwaukee Brewers,13,Luis,Rengifo,Infielder,B,52,40,55,65,,,,
National League,NL Central,Milwaukee Brewers,35,Steward,Berroa,Outfielder,B,52,60,35,40,,,,
National League,NL Central,Milwaukee Brewers,16,Blake,Perkins,Outfielder,B,52,60,35,40,,,,
National League,NL Central,Milwaukee Brewers,73,Shane,Drohan,Pitcher,L,,,,,59,60,60,70
National League,NL Central,Milwaukee Brewers,54,Robert,Gasser,Pitcher,L,,,,,59,60,60,70
National League,NL Central,Milwaukee Brewers,37,DL,Hall,Pitcher,L,,,,,59,60,60,70
National League,NL Central,Milwaukee Brewers,29,Trevor,Megill,Pitcher,L,,,,,59,60,60,70
National League,NL Central,Milwaukee Brewers,57,Sammy,Peralta,Pitcher,L,,,,,59,60,60,70
National League,NL Central,Milwaukee Brewers,53,Brandon,Woodruff,Pitcher,L,,,,,59,60,60,70
National League,NL Central,Milwaukee Brewers,61,Angel,Zerpa,Pitcher,L,,,,,59,60,60,70
National League,NL Central,Milwaukee Brewers,9,Jake,Bauers,Infielder,L,52,40,55,65,,,,
National League,NL Central,Milwaukee Brewers,7,Tyler,Black,Infielder,L,52,40,55,65,,,,
National League,NL Central,Milwaukee Brewers,6,David,Hamilton,Infielder,L,52,40,55,65,,,,
National League,NL Central,Milwaukee Brewers,2,Brice,Turang,Infielder,L,52,40,55,65,,,,
National League,NL Central,Milwaukee Brewers,25,Akil,Baddoo,Outfielder,L,52,60,35,40,,,,
National League,NL Central,Milwaukee Brewers,10,Sal,Frelick,Outfielder,L,52,60,35,40,,,,
National League,NL Central,Milwaukee Brewers,5,Garrett,Mitchell,Outfielder,L,52,60,35,40,,,,
National League,NL Central,Milwaukee Brewers,22,Christian,Yelich,Outfielder,L,52,60,35,40,,,,
National League,NL Central,Milwaukee Brewers,56,Grant,Anderson,Pitcher,R,,,,,59,60,60,70
National League,NL Central,Milwaukee Brewers,26,Aaron,Ashby,Pitcher,R,,,,,59,60,60,70
National League,NL Central,Milwaukee Brewers,72,Coleman,Crow,Pitcher,R,,,,,59,60,60,70
National League,NL Central,Milwaukee Brewers,52,Kyle,Harrison,Pitcher,R,,,,,59,60,60,70
National League,NL Central,Milwaukee Brewers,43,Logan,Henderson,Pitcher,R,,,,,59,60,60,70
National League,NL Central,Milwaukee Brewers,47,Jared,Koenig,Pitcher,R,,,,,59,60,60,70
National League,NL Central,Milwaukee Brewers,50,Easton,McGee,Pitcher,R,,,,,59,60,60,70
National League,NL Central,Milwaukee Brewers,32,Jacob,Misiorowski,Pitcher,R,,,,,59,60,60,70
National League,NL Central,Milwaukee Brewers,39,Chad,Patrick,Pitcher,R,,,,,59,60,60,70
National League,NL Central,Milwaukee Brewers,46,Quinn,Priester,Pitcher,R,,,,,59,60,60,70
National League,NL Central,Milwaukee Brewers,27,Carlos,Rodriguez,Pitcher,R,,,,,59,60,60,70
National League,NL Central,Milwaukee Brewers,23,Brandon,Sproat,Pitcher,R,,,,,59,60,60,70
National League,NL Central,Milwaukee Brewers,45,Abner,Uribe,Pitcher,R,,,,,59,60,60,70
National League,NL Central,Milwaukee Brewers,48,Craig,Yoho,Pitcher,R,,,,,59,60,60,70
National League,NL Central,Milwaukee Brewers,58,Rob,Zastryzny,Pitcher,R,,,,,59,60,60,70
National League,NL Central,Milwaukee Brewers,24,William,Contreras,Catcher,R,32,50,35,10,,,,
National League,NL Central,Milwaukee Brewers,15,Jeferson,Quero,Catcher,R,32,50,35,10,,,,
National League,NL Central,Milwaukee Brewers,99,Gary,Sanchez,Catcher,R,32,50,35,10,,,,
National League,NL Central,Milwaukee Brewers,3,Joey,Ortiz,Infielder,R,52,40,55,65,,,,
National League,NL Central,Milwaukee Brewers,28,Andrew,Vaughn,Infielder,R,52,40,55,65,,,,
National League,NL Central,Milwaukee Brewers,11,Jackson,Chourio,Outfielder,R,52,60,35,40,,,,
National League,NL Central,Milwaukee Brewers,20,Brandon,Lockridge,Outfielder,R,52,60,35,40,,,,
American League,AL Central,Minnesota Twins,37,Victor,Caratini,Catcher,B,32,50,35,10,,,,
American League,AL Central,Minnesota Twins,56,Josh,Bell,Infielder,B,52,40,55,65,,,,
American League,AL Central,Minnesota Twins,22,Brooks,Lee,Infielder,B,52,40,55,65,,,,
American League,AL Central,Minnesota Twins,43,Anthony,Banda,Pitcher,L,,,,,59,60,60,70
American League,AL Central,Minnesota Twins,57,Kody,Funderburk,Pitcher,L,,,,,59,60,60,70
American League,AL Central,Minnesota Twins,49,Pablo,Lopez,Pitcher,L,,,,,59,60,60,70
American League,AL Central,Minnesota Twins,61,Connor,Prielipp,Pitcher,L,,,,,59,60,60,70
American League,AL Central,Minnesota Twins,55,Taylor,Rogers,Pitcher,L,,,,,59,60,60,70
American League,AL Central,Minnesota Twins,60,Kendry,Rojas,Pitcher,L,,,,,59,60,60,70
American League,AL Central,Minnesota Twins,2,Kody,Clemens,Infielder,L,52,40,55,65,,,,
American League,AL Central,Minnesota Twins,4,Tristan,Gray,Infielder,L,52,40,55,65,,,,
American League,AL Central,Minnesota Twins,9,Trevor,Larnach,Outfielder,L,52,60,35,40,,,,
American League,AL Central,Minnesota Twins,64,Hendry,Mendez,Outfielder,L,52,60,35,40,,,,
American League,AL Central,Minnesota Twins,30,James,Outman,Outfielder,L,52,60,35,40,,,,
American League,AL Central,Minnesota Twins,18,Alan,Roden,Outfielder,L,52,60,35,40,,,,
American League,AL Central,Minnesota Twins,33,Emmanuel,Rodriguez,Outfielder,L,52,60,35,40,,,,
American League,AL Central,Minnesota Twins,38,Matt,Wallner,Outfielder,L,52,60,35,40,,,,
American League,AL Central,Minnesota Twins,20,Mick,Abel,Pitcher,R,,,,,59,60,60,70
American League,AL Central,Minnesota Twins,45,Travis,Adams,Pitcher,R,,,,,59,60,60,70
American League,AL Central,Minnesota Twins,26,Taj,Bradley,Pitcher,R,,,,,59,60,60,70
American League,AL Central,Minnesota Twins,58,David,Festa,Pitcher,R,,,,,59,60,60,70
American League,AL Central,Minnesota Twins,71,John,Klein,Pitcher,R,,,,,59,60,60,70
American League,AL Central,Minnesota Twins,52,Zebby,Matthews,Pitcher,R,,,,,59,60,60,70
American League,AL Central,Minnesota Twins,78,Andrew,Morris,Pitcher,R,,,,,59,60,60,70
American League,AL Central,Minnesota Twins,17,Bailey,Ober,Pitcher,R,,,,,59,60,60,70
American League,AL Central,Minnesota Twins,19,Eric,Orze,Pitcher,R,,,,,59,60,60,70
American League,AL Central,Minnesota Twins,85,Marco,Raya,Pitcher,R,,,,,59,60,60,70
American League,AL Central,Minnesota Twins,41,Joe,Ryan,Pitcher,R,,,,,59,60,60,70
American League,AL Central,Minnesota Twins,44,Cole,Sands,Pitcher,R,,,,,59,60,60,70
American League,AL Central,Minnesota Twins,48,Justin,Topa,Pitcher,R,,,,,59,60,60,70
American League,AL Central,Minnesota Twins,99,Simeon,Woods,Pitcher,R,,,,,59,60,60,70
American League,AL Central,Minnesota Twins,70,Alex,Jackson,Catcher,R,32,50,35,10,,,,
American League,AL Central,Minnesota Twins,27,Ryan,Jeffers,Catcher,R,32,50,35,10,,,,
American League,AL Central,Minnesota Twins,15,Luke,Keaschall,Infielder,R,52,40,55,65,,,,
American League,AL Central,Minnesota Twins,23,Royce,Lewis,Infielder,R,52,40,55,65,,,,
American League,AL Central,Minnesota Twins,13,Eric,Wagaman,Infielder,R,52,40,55,65,,,,
American League,AL Central,Minnesota Twins,25,Byron,Buxton,Outfielder,R,52,60,35,40,,,,
American League,AL Central,Minnesota Twins,72,Gabriel,Gonzalez,Outfielder,R,52,60,35,40,,,,
American League,AL Central,Minnesota Twins,5,Ryan,Kreidler,Outfielder,R,52,60,35,40,,,,
American League,AL Central,Minnesota Twins,16,Austin,Martin,Outfielder,R,52,60,35,40,,,,
American League,AL East,New York Yankees,95,Oswaldo,Cabrera,Infielder,B,52,40,55,65,,,,
American League,AL East,New York Yankees,24,Jasson,Dominguez,Outfielder,B,52,60,35,40,,,,
American League,AL East,New York Yankees,2,Vidal,Brujan,Infielder,B,52,40,55,65,,,,
American League,AL East,New York Yankees,12,Francisco,Lindor,Infielder,B,52,40,55,65,,,,
American League,AL East,New York Yankees,0,Ronny,Mauricio,Infielder,B,52,40,55,65,,,,
American League,AL East,New York Yankees,11,Jorge,Polanco,Infielder,B,52,40,55,65,,,,
American League,AL East,New York Yankees,53,David,Bednar,Pitcher,L,,,,,59,60,60,70
American League,AL East,New York Yankees,76,Elmer,Cruz-Rodriguez,Pitcher,L,,,,,59,60,60,70
American League,AL East,New York Yankees,54,Max,Fried,Pitcher,L,,,,,59,60,60,70
American League,AL East,New York Yankees,47,Brent,Headrick,Pitcher,L,,,,,59,60,60,70
American League,AL East,New York Yankees,55,Carlos,Rodon,Pitcher,L,,,,,59,60,60,70
American League,AL East,New York Yankees,25,J.C.,Escarra,Catcher,L,32,50,35,10,,,,
American League,AL East,New York Yankees,28,Austin,Wells,Catcher,L,32,50,35,10,,,,
American League,AL East,New York Yankees,99,Jazz,Chisholm,Infielder,L,52,40,55,65,,,,
American League,AL East,New York Yankees,19,Ryan,McMahon,Infielder,L,52,40,55,65,,,,
American League,AL East,New York Yankees,22,Ben,Rice,Infielder,L,52,40,55,65,,,,
American League,AL East,New York Yankees,90,Jorbit,Vivas,Infielder,L,52,40,55,65,,,,
American League,AL East,New York Yankees,35,Cody,Bellinger,Outfielder,L,52,60,35,40,,,,
American League,AL East,New York Yankees,12,Trent,Grisham,Outfielder,L,52,60,35,40,,,,
American League,AL East,New York Yankees,78,Spencer,Jones,Outfielder,L,52,60,35,40,,,,
American League,AL East,New York Yankees,78,Bryan,Hudson,Pitcher,L,,,,,59,60,60,70
American League,AL East,New York Yankees,33,A.J.,Minter,Pitcher,L,,,,,59,60,60,70
American League,AL East,New York Yankees,23,David,Peterson,Pitcher,L,,,,,59,60,60,70
American League,AL East,New York Yankees,25,Brooks,Raley,Pitcher,L,,,,,59,60,60,70
American League,AL East,New York Yankees,34,Kodai,Senga,Pitcher,L,,,,,59,60,60,70
American League,AL East,New York Yankees,77,Ben,Rortvedt,Catcher,L,32,50,35,10,,,,
American League,AL East,New York Yankees,7,Brett,Baty,Infielder,L,52,40,55,65,,,,
American League,AL East,New York Yankees,1,MJ,Melendez,Outfielder,L,52,60,35,40,,,,
American League,AL East,New York Yankees,22,Juan,Soto,Outfielder,L,52,60,35,40,,,,
American League,AL East,New York Yankees,29,Jared,Young,Outfielder,L,52,60,35,40,,,,
American League,AL East,New York Yankees,56,Osvaldo,Bido,Pitcher,R,,,,,59,60,60,70
American League,AL East,New York Yankees,59,Jake,Bird,Pitcher,R,,,,,59,60,60,70
American League,AL East,New York Yankees,58,Paul,Blackburn,Pitcher,R,,,,,59,60,60,70
American League,AL East,New York Yankees,74,Kervin,Castro,Pitcher,R,,,,,59,60,60,70
American League,AL East,New York Yankees,57,Angel,Chivilli,Pitcher,R,,,,,59,60,60,70
American League,AL East,New York Yankees,45,Gerrit,Cole,Pitcher,R,,,,,59,60,60,70
American League,AL East,New York Yankees,63,Fernando,Cruz,Pitcher,R,,,,,59,60,60,70
American League,AL East,New York Yankees,99,Yerry,De,Pitcher,R,,,,,59,60,60,70
American League,AL East,New York Yankees,75,Camilo,Doval,Pitcher,R,,,,,59,60,60,70
American League,AL East,New York Yankees,81,Luis,Gil,Pitcher,R,,,,,59,60,60,70
American League,AL East,New York Yankees,86,Chase,Hampton,Pitcher,R,,,,,59,60,60,70
American League,AL East,New York Yankees,41,Tim,Hill,Pitcher,R,,,,,59,60,60,70
American League,AL East,New York Yankees,31,Cam,Schlittler,Pitcher,R,,,,,59,60,60,70
American League,AL East,New York Yankees,98,Will,Warren,Pitcher,R,,,,,59,60,60,70
American League,AL East,New York Yankees,40,Ryan,Weathers,Pitcher,R,,,,,59,60,60,70
American League,AL East,New York Yankees,80,Cade,Winquest,Pitcher,R,,,,,59,60,60,70
American League,AL East,New York Yankees,33,Ryan,Yarbrough,Pitcher,R,,,,,59,60,60,70
American League,AL East,New York Yankees,72,Jose,Caballero,Infielder,R,52,40,55,65,,,,
American League,AL East,New York Yankees,48,Paul,Goldschmidt,Infielder,R,52,40,55,65,,,,
American League,AL East,New York Yankees,14,Amed,Rosario,Infielder,R,52,40,55,65,,,,
American League,AL East,New York Yankees,39,Max,Schuemann,Infielder,R,52,40,55,65,,,,
American League,AL East,New York Yankees,11,Anthony,Volpe,Infielder,R,52,40,55,65,,,,
American League,AL East,New York Yankees,99,Aaron,Judge,Outfielder,R,52,60,35,40,,,,
American League,AL East,New York Yankees,27,Giancarlo,Stanton,DH,R,67,85,40,40,64,,,
American League,AL East,New York Yankees,43,Huascar,Brazoban,Pitcher,R,,,,,59,60,60,70
American League,AL East,New York Yankees,84,Alejandro,Carrillo,Pitcher,R,,,,,59,60,60,70
American League,AL East,New York Yankees,40,Luis,Garcia,Pitcher,R,,,,,59,60,60,70
American League,AL East,New York Yankees,56,Joey,Gerber,Pitcher,R,,,,,59,60,60,70
American League,AL East,New York Yankees,47,Justin,Hagenman,Pitcher,R,,,,,59,60,60,70
American League,AL East,New York Yankees,35,Clay,Holmes,Pitcher,R,,,,,59,60,60,70
American League,AL East,New York Yankees,59,Sean,Manaea,Pitcher,R,,,,,59,60,60,70
American League,AL East,New York Yankees,26,Nolan,McLean,Pitcher,R,,,,,59,60,60,70
American League,AL East,New York Yankees,32,Tobias,Myers,Pitcher,R,,,,,59,60,60,70
American League,AL East,New York Yankees,51,Freddy,Peralta,Pitcher,R,,,,,59,60,60,70
American League,AL East,New York Yankees,91,Jonathan,Pintaro,Pitcher,R,,,,,59,60,60,70
American League,AL East,New York Yankees,66,Dylan,Ross,Pitcher,R,,,,,59,60,60,70
American League,AL East,New York Yankees,45,Christian,Scott,Pitcher,R,,,,,59,60,60,70
American League,AL East,New York Yankees,21,Jonah,Tong,Pitcher,R,,,,,59,60,60,70
American League,AL East,New York Yankees,44,Austin,Warren,Pitcher,R,,,,,59,60,60,70
American League,AL East,New York Yankees,30,Luke,Weaver,Pitcher,R,,,,,59,60,60,70
American League,AL East,New York Yankees,38,Devin,Williams,Pitcher,R,,,,,59,60,60,70
American League,AL East,New York Yankees,4,Francisco,Alvarez,Catcher,R,32,50,35,10,,,,
American League,AL East,New York Yankees,6,Hayden,Senger,Catcher,R,32,50,35,10,,,,
American League,AL East,New York Yankees,13,Luis,Torrens,Catcher,R,32,50,35,10,,,,
American League,AL East,New York Yankees,19,Bo,Bichette,Infielder,R,52,40,55,65,,,,
American League,AL East,New York Yankees,10,Marcus,Semien,Infielder,R,52,40,55,65,,,,
American League,AL East,New York Yankees,27,Mark,Vientos,Infielder,R,52,40,55,65,,,,
American League,AL East,New York Yankees,70,Nick,Morabito,Outfielder,R,52,60,35,40,,,,
American League,AL East,New York Yankees,99,Luis,Robert,Outfielder,R,52,60,35,40,,,,
American League,AL East,New York Yankees,15,Tyrone,Taylor,Outfielder,R,52,60,35,40,,,,
National League,NL East,Philadelphia Phillies,13,Rafael,Marchan,Catcher,B,32,50,35,10,,,,
National League,NL East,Philadelphia Phillies,46,Jose,Alvarado,Pitcher,L,,,,,59,60,60,70
National League,NL East,Philadelphia Phillies,19,Kyle,Backhus,Pitcher,L,,,,,59,60,60,70
National League,NL East,Philadelphia Phillies,44,Jesus,Luzardo,Pitcher,L,,,,,59,60,60,70
National League,NL East,Philadelphia Phillies,39,Zachary,McCambley,Pitcher,L,,,,,59,60,60,70
National League,NL East,Philadelphia Phillies,61,Cristopher,Sanchez,Pitcher,L,,,,,59,60,60,70
National League,NL East,Philadelphia Phillies,55,Chase,Shugart,Pitcher,L,,,,,59,60,60,70
National League,NL East,Philadelphia Phillies,45,Zack,Wheeler,Pitcher,L,,,,,59,60,60,70
National League,NL East,Philadelphia Phillies,21,Garrett,Stubbs,Catcher,L,32,50,35,10,,,,
National League,NL East,Philadelphia Phillies,3,Bryce,Harper,Infielder,L,52,40,55,65,,,,
National League,NL East,Philadelphia Phillies,5,Bryson,Stott,Infielder,L,52,40,55,65,,,,
National League,NL East,Philadelphia Phillies,16,Brandon,Marsh,Outfielder,L,52,60,35,40,,,,
National League,NL East,Philadelphia Phillies,99,Gabriel,Rincones,Outfielder,L,52,60,35,40,,,,
National League,NL East,Philadelphia Phillies,12,Kyle,Schwarber,Outfielder,L,52,60,35,40,,,,
National League,NL East,Philadelphia Phillies,58,Tanner,Banks,Pitcher,R,,,,,59,60,60,70
National League,NL East,Philadelphia Phillies,52,Jonathan,Bowlan,Pitcher,R,,,,,59,60,60,70
National League,NL East,Philadelphia Phillies,79,Jean,Cabrera,Pitcher,R,,,,,59,60,60,70
National League,NL East,Philadelphia Phillies,75,Moises,Chace,Pitcher,R,,,,,59,60,60,70
National League,NL East,Philadelphia Phillies,66,Yoniel,Curet,Pitcher,R,,,,,59,60,60,70
National League,NL East,Philadelphia Phillies,59,Jhoan,Duran,Pitcher,R,,,,,59,60,60,70
National League,NL East,Philadelphia Phillies,47,Nolan,Hoffman,Pitcher,R,,,,,59,60,60,70
National League,NL East,Philadelphia Phillies,51,Seth,Johnson,Pitcher,R,,,,,59,60,60,70
National League,NL East,Philadelphia Phillies,40,Brad,Keller,Pitcher,R,,,,,59,60,60,70
National League,NL East,Philadelphia Phillies,50,Orion,Kerkering,Pitcher,R,,,,,59,60,60,70
National League,NL East,Philadelphia Phillies,60,Max,Lazar,Pitcher,R,,,,,59,60,60,70
National League,NL East,Philadelphia Phillies,71,Alex,McFarlane,Pitcher,R,,,,,59,60,60,70
National League,NL East,Philadelphia Phillies,27,Aaron,Nola,Pitcher,R,,,,,59,60,60,70
National League,NL East,Philadelphia Phillies,76,Andrew,Painter,Pitcher,R,,,,,59,60,60,70
National League,NL East,Philadelphia Phillies,56,Zach,Pop,Pitcher,R,,,,,59,60,60,70
National League,NL East,Philadelphia Phillies,57,Alan,Rangel,Pitcher,R,,,,,59,60,60,70
National League,NL East,Philadelphia Phillies,99,Taijuan,Walker,Pitcher,R,,,,,59,60,60,70
National League,NL East,Philadelphia Phillies,10,J.T.,Realmuto,Catcher,R,32,50,35,10,,,,
National League,NL East,Philadelphia Phillies,28,Alec,Bohm,Infielder,R,52,40,55,65,,,,
National League,NL East,Philadelphia Phillies,4,Otto,Kemp,Infielder,R,52,40,55,65,,,,
National League,NL East,Philadelphia Phillies,33,Edmundo,Sosa,Infielder,R,52,40,55,65,,,,
National League,NL East,Philadelphia Phillies,7,Trea,Turner,Infielder,R,52,40,55,65,,,,
National League,NL East,Philadelphia Phillies,53,Adolis,Garcia,Outfielder,R,52,60,35,40,,,,
National League,NL East,Philadelphia Phillies,24,Pedro,Leon,Outfielder,R,52,60,35,40,,,,
National League,NL East,Philadelphia Phillies,23,Johan,Rojas,Outfielder,R,52,60,35,40,,,,
National League,NL Central,Pittsburgh Pirates,36,Bubba,Chandler,Pitcher,B,,,,,59,60,60,70
National League,NL Central,Pittsburgh Pirates,13,Endy,Rodriguez,Infielder,B,52,40,55,65,,,,
National League,NL Central,Pittsburgh Pirates,28,Jake,Mangum,Outfielder,B,52,60,35,40,,,,
National League,NL Central,Pittsburgh Pirates,10,Bryan,Reynolds,Outfielder,B,52,60,35,40,,,,
National League,NL Central,Pittsburgh Pirates,35,Braxton,Ashcraft,Pitcher,L,,,,,59,60,60,70
National League,NL Central,Pittsburgh Pirates,45,Hunter,Barco,Pitcher,L,,,,,59,60,60,70
National League,NL Central,Pittsburgh Pirates,46,Mason,Montgomery,Pitcher,L,,,,,59,60,60,70
National League,NL Central,Pittsburgh Pirates,48,Evan,Sisk,Pitcher,L,,,,,59,60,60,70
National League,NL Central,Pittsburgh Pirates,31,Gregory,Soto,Pitcher,L,,,,,59,60,60,70
National League,NL Central,Pittsburgh Pirates,2,Spencer,Horwitz,Infielder,L,52,40,55,65,,,,
National League,NL Central,Pittsburgh Pirates,5,Brandon,Lowe,Infielder,L,52,40,55,65,,,,
National League,NL Central,Pittsburgh Pirates,29,Ryan,O'Hearn,Infielder,L,52,40,55,65,,,,
National League,NL Central,Pittsburgh Pirates,47,Enmanuel,Valdez,Infielder,L,52,40,55,65,,,,
National League,NL Central,Pittsburgh Pirates,15,Oneil,Cruz,Outfielder,L,52,60,35,40,,,,
National League,NL Central,Pittsburgh Pirates,77,Brandan,Bidois,Pitcher,R,,,,,59,60,60,70
National League,NL Central,Pittsburgh Pirates,86,Wilber,Dotel,Pitcher,R,,,,,59,60,60,70
National League,NL Central,Pittsburgh Pirates,84,Ryan,Harbin,Pitcher,R,,,,,59,60,60,70
National League,NL Central,Pittsburgh Pirates,78,Thomas,Harrington,Pitcher,R,,,,,59,60,60,70
National League,NL Central,Pittsburgh Pirates,23,Mitch,Keller,Pitcher,R,,,,,59,60,60,70
National League,NL Central,Pittsburgh Pirates,89,Antwone,Kelly,Pitcher,R,,,,,59,60,60,70
National League,NL Central,Pittsburgh Pirates,61,Justin,Lawrence,Pitcher,R,,,,,59,60,60,70
National League,NL Central,Pittsburgh Pirates,72,Isaac,Mattson,Pitcher,R,,,,,59,60,60,70
National League,NL Central,Pittsburgh Pirates,50,Carmen,Mlodzinski,Pitcher,R,,,,,59,60,60,70
National League,NL Central,Pittsburgh Pirates,66,Kyle,Nicolas,Pitcher,R,,,,,59,60,60,70
National League,NL Central,Pittsburgh Pirates,49,Yohan,Ramirez,Pitcher,R,,,,,59,60,60,70
National League,NL Central,Pittsburgh Pirates,64,Cam,Sanders,Pitcher,R,,,,,59,60,60,70
National League,NL Central,Pittsburgh Pirates,60,Dennis,Santana,Pitcher,R,,,,,59,60,60,70
National League,NL Central,Pittsburgh Pirates,30,Paul,Skenes,Pitcher,R,,,,,59,60,60,70
National League,NL Central,Pittsburgh Pirates,65,Jose,Urquidy,Pitcher,R,,,,,59,60,60,70
National League,NL Central,Pittsburgh Pirates,14,Joey,Bart,Catcher,R,32,50,35,10,,,,
National League,NL Central,Pittsburgh Pirates,32,Henry,Davis,Catcher,R,32,50,35,10,,,,
National League,NL Central,Pittsburgh Pirates,43,Rafael,Flores,Catcher,R,32,50,35,10,,,,
National League,NL Central,Pittsburgh Pirates,76,Jack,Brannigan,Infielder,R,52,40,55,65,,,,
National League,NL Central,Pittsburgh Pirates,3,Nick,Gonzales,Infielder,R,52,40,55,65,,,,
National League,NL Central,Pittsburgh Pirates,19,Jared,Triolo,Infielder,R,52,40,55,65,,,,
National League,NL Central,Pittsburgh Pirates,38,Nick,Yorke,Infielder,R,52,40,55,65,,,,
National League,NL Central,Pittsburgh Pirates,25,Billy,Cook,Outfielder,R,52,60,35,40,,,,
National League,NL Central,Pittsburgh Pirates,34,Jhostynxon,Garcia,Outfielder,R,52,60,35,40,,,,
National League,NL Central,Pittsburgh Pirates,85,Esmerlyn,Valdez,Outfielder,R,52,60,35,40,,,,
National League,NL Central,Pittsburgh Pirates,24,Marcell,Ozuna,,R,1,53,34,48,,,,
National League,NL West,San Diego Padres,56,Jeremiah,Estrada,Pitcher,B,,,,,59,60,60,70
National League,NL West,San Diego Padres,29,Bryce,Johnson,Outfielder,B,52,60,35,40,,,,
National League,NL West,San Diego Padres,68,Kyle,Hart,Pitcher,L,,,,,59,60,60,70
National League,NL West,San Diego Padres,37,Alek,Jacob,Pitcher,L,,,,,59,60,60,70
National League,NL West,San Diego Padres,1,Yuki,Matsui,Pitcher,L,,,,,59,60,60,70
National League,NL West,San Diego Padres,50,Adrian,Morejon,Pitcher,L,,,,,59,60,60,70
National League,NL West,San Diego Padres,58,Wandy,Peralta,Pitcher,L,,,,,59,60,60,70
National League,NL West,San Diego Padres,9,Jake,Cronenworth,Infielder,L,52,40,55,65,,,,
National League,NL West,San Diego Padres,24,Sung-Mun,Song,Infielder,L,52,40,55,65,,,,
National League,NL West,San Diego Padres,7,Will,Wagner,Infielder,L,52,40,55,65,,,,
National League,NL West,San Diego Padres,3,Jackson,Merrill,Outfielder,L,52,60,35,40,,,,
National League,NL West,San Diego Padres,30,Gavin,Sheets,Outfielder,L,52,60,35,40,,,,
National League,NL West,San Diego Padres,63,Daison,Acosta,Pitcher,R,,,,,59,60,60,70
National League,NL West,San Diego Padres,40,Jason,Adam,Pitcher,R,,,,,59,60,60,70
National League,NL West,San Diego Padres,52,Ty,Adcock,Pitcher,R,,,,,59,60,60,70
National League,NL West,San Diego Padres,17,Griffin,Canning,Pitcher,R,,,,,59,60,60,70
National League,NL West,San Diego Padres,11,Yu,Darvish,Pitcher,R,,,,,59,60,60,70
National League,NL West,San Diego Padres,52,Clayton,Edmondson,Pitcher,R,,,,,59,60,60,70
National League,NL West,San Diego Padres,59,Garrett,Hawkins,Pitcher,R,,,,,59,60,60,70
National League,NL West,San Diego Padres,78,Bryan,Hoeing,Pitcher,R,,,,,59,60,60,70
National League,NL West,San Diego Padres,34,Michael,King,Pitcher,R,,,,,59,60,60,70
National League,NL West,San Diego Padres,97,Ron,Marinaccio,Pitcher,R,,,,,59,60,60,70
National League,NL West,San Diego Padres,33,German,Marquez,Pitcher,R,,,,,59,60,60,70
National League,NL West,San Diego Padres,62,Miguel,Mendez,Pitcher,R,,,,,59,60,60,70
National League,NL West,San Diego Padres,22,Mason,Miller,Pitcher,R,,,,,59,60,60,70
National League,NL West,San Diego Padres,66,David,Morgan,Pitcher,R,,,,,59,60,60,70
National League,NL West,San Diego Padres,44,Joe,Musgrove,Pitcher,R,,,,,59,60,60,70
National League,NL West,San Diego Padres,27,Nick,Pivetta,Pitcher,R,,,,,59,60,60,70
National League,NL West,San Diego Padres,72,Bradgley,Rodriguez,Pitcher,R,,,,,59,60,60,70
National League,NL West,San Diego Padres,38,JP,Sears,Pitcher,R,,,,,59,60,60,70
National League,NL West,San Diego Padres,98,Randy,Vasquez,Pitcher,R,,,,,59,60,60,70
National League,NL West,San Diego Padres,61,Matt,Waldron,Pitcher,R,,,,,59,60,60,70
National League,NL West,San Diego Padres,12,Luis,Campusano,Catcher,R,32,50,35,10,,,,
National League,NL West,San Diego Padres,54,Freddy,Fermin,Catcher,R,32,50,35,10,,,,
National League,NL West,San Diego Padres,2,Xander,Bogaerts,Infielder,R,52,40,55,65,,,,
National League,NL West,San Diego Padres,13,Manny,Machado,Infielder,R,52,40,55,65,,,,
National League,NL West,San Diego Padres,18,Mason,McCoy,Infielder,R,52,40,55,65,,,,
National League,NL West,San Diego Padres,41,Miguel,Andujar,Outfielder,R,52,60,35,40,,,,
National League,NL West,San Diego Padres,21,Nick,Castellanos,Outfielder,R,52,60,35,40,,,,
National League,NL West,San Diego Padres,5,Ramon,Laureano,Outfielder,R,52,60,35,40,,,,
National League,NL West,San Diego Padres,99,Fernando,Tatis,Outfielder,R,52,60,35,40,,,,
National League,NL West,San Francisco Giants,14,Patrick,Bailey,Catcher,B,32,50,35,10,,,,
National League,NL West,San Francisco Giants,79,Jesus,Rodriguez,Catcher,R,32,50,35,10,,,,
National League,NL West,San Francisco Giants,6,Daniel,Susac,Catcher,R,32,50,35,10,,,,
National League,NL West,San Francisco Giants,16,Rafael,Devers,DH,L,67,85,40,40,64,,,
National League,NL West,San Francisco Giants,1,Luis,Arraez,Infielder,L,52,40,55,65,,,,
National League,NL West,San Francisco Giants,8,Bryce,Eldridge,Infielder,L,52,40,55,65,,,,
National League,NL West,San Francisco Giants,2,Willy,Adames,Infielder,R,52,40,55,65,,,,
National League,NL West,San Francisco Giants,26,Matt,Chapman,Infielder,R,52,40,55,65,,,,
National League,NL West,San Francisco Giants,49,Tyler,Fitzgerald,Infielder,R,52,40,55,65,,,,
National League,NL West,San Francisco Giants,50,Christian,Koss,Infielder,R,52,40,55,65,,,,
National League,NL West,San Francisco Giants,10,Casey,Schmitt,Infielder,R,52,40,55,65,,,,
National League,NL West,San Francisco Giants,7,Will,Brennan,Outfielder,L,52,60,35,40,,,,
National League,NL West,San Francisco Giants,0,Drew,Gilbert,Outfielder,L,52,60,35,40,,,,
National League,NL West,San Francisco Giants,99,Jung,Hoo,Outfielder,L,52,60,35,40,,,,
National League,NL West,San Francisco Giants,58,Grant,McCray,Outfielder,L,52,60,35,40,,,,
National League,NL West,San Francisco Giants,9,Harrison,Bader,Outfielder,R,52,60,35,40,,,,
National League,NL West,San Francisco Giants,19,Jerar,Encarnacion,Outfielder,R,52,60,35,40,,,,
National League,NL West,San Francisco Giants,29,Luis,Matos,Outfielder,R,52,60,35,40,,,,
National League,NL West,San Francisco Giants,17,Heliot,Ramos,Outfielder,R,52,60,35,40,,,,
National League,NL West,San Francisco Giants,93,Matt,Gage,Pitcher,L,,,,,59,60,60,70
National League,NL West,San Francisco Giants,31,Sam,Hentges,Pitcher,L,,,,,59,60,60,70
National League,NL West,San Francisco Giants,68,Erik,Miller,Pitcher,L,,,,,59,60,60,70
National League,NL West,San Francisco Giants,38,Robbie,Ray,Pitcher,L,,,,,59,60,60,70
National League,NL West,San Francisco Giants,48,Reiver,Sanmartin,Pitcher,L,,,,,59,60,60,70
National League,NL West,San Francisco Giants,88,Carson,Whisenhunt,Pitcher,L,,,,,59,60,60,70
National League,NL West,San Francisco Giants,43,Tristan,Beck,Pitcher,R,,,,,59,60,60,70
National League,NL West,San Francisco Giants,60,Hayden,Birdsong,Pitcher,R,,,,,59,60,60,70
National League,NL West,San Francisco Giants,76,Spencer,Bivens,Pitcher,R,,,,,59,60,60,70
National League,NL West,San Francisco Giants,34,JT,Brubaker,Pitcher,R,,,,,59,60,60,70
National League,NL West,San Francisco Giants,70,Jose,Butto,Pitcher,R,,,,,59,60,60,70
National League,NL West,San Francisco Giants,12,Adrian,Houser,Pitcher,R,,,,,59,60,60,70
National League,NL West,San Francisco Giants,54,Tyler,Mahle,Pitcher,R,,,,,59,60,60,70
National League,NL West,San Francisco Giants,72,Trevor,McDonald,Pitcher,R,,,,,59,60,60,70
National League,NL West,San Francisco Giants,63,Joel,Peguero,Pitcher,R,,,,,59,60,60,70
National League,NL West,San Francisco Giants,65,Landen,Roupp,Pitcher,R,,,,,59,60,60,70
National League,NL West,San Francisco Giants,77,Carson,Seymour,Pitcher,R,,,,,59,60,60,70
National League,NL West,San Francisco Giants,46,Blade,Tidwell,Pitcher,R,,,,,59,60,60,70
National League,NL West,San Francisco Giants,74,Ryan,Walker,Pitcher,R,,,,,59,60,60,70
National League,NL West,San Francisco Giants,62,Logan,Webb,Pitcher,R,,,,,59,60,60,70
National League,NL West,San Francisco Giants,67,Keaton,Winn,Pitcher,R,,,,,59,60,60,70
American League,AL West,Seattle Mariners,29,Cal,Raleigh,Catcher,B,32,50,35,10,,,,
American League,AL West,Seattle Mariners,76,Leo,Rivas,Infielder,B,52,40,55,65,,,,
American League,AL West,Seattle Mariners,45,Jose,Ferrer,Pitcher,L,,,,,59,60,60,70
American League,AL West,Seattle Mariners,49,Robinson,Ortiz,Pitcher,L,,,,,59,60,60,70
American League,AL West,Seattle Mariners,37,Josh,Simpson,Pitcher,L,,,,,59,60,60,70
American League,AL West,Seattle Mariners,55,Gabe,Speier,Pitcher,L,,,,,59,60,60,70
American League,AL West,Seattle Mariners,3,J.P.,Crawford,Infielder,L,52,40,55,65,,,,
American League,AL West,Seattle Mariners,33,Brendan,Donovan,Infielder,L,52,40,55,65,,,,
American League,AL West,Seattle Mariners,21,Miles,Mastrobuoni,Infielder,L,52,40,55,65,,,,
American League,AL West,Seattle Mariners,12,Josh,Naylor,Infielder,L,52,40,55,65,,,,
American League,AL West,Seattle Mariners,2,Cole,Young,Infielder,L,52,40,55,65,,,,
American League,AL West,Seattle Mariners,8,Dominic,Canzone,Outfielder,L,52,60,35,40,,,,
American League,AL West,Seattle Mariners,20,Luke,Raley,Outfielder,L,52,60,35,40,,,,
American League,AL West,Seattle Mariners,31,Rhylan,Thomas,Outfielder,L,52,60,35,40,,,,
American League,AL West,Seattle Mariners,83,Eduard,Bazardo,Pitcher,R,,,,,59,60,60,70
American League,AL West,Seattle Mariners,47,Matt,Brash,Pitcher,R,,,,,59,60,60,70
American League,AL West,Seattle Mariners,62,Blas,Castano,Pitcher,R,,,,,59,60,60,70
American League,AL West,Seattle Mariners,58,Luis,Castillo,Pitcher,R,,,,,59,60,60,70
American League,AL West,Seattle Mariners,18,Cooper,Criswell,Pitcher,R,,,,,59,60,60,70
American League,AL West,Seattle Mariners,36,Logan,Gilbert,Pitcher,R,,,,,59,60,60,70
American League,AL West,Seattle Mariners,46,Domingo,Gonzalez,Pitcher,R,,,,,59,60,60,70
American League,AL West,Seattle Mariners,26,Emerson,Hancock,Pitcher,R,,,,,59,60,60,70
American League,AL West,Seattle Mariners,68,George,Kirby,Pitcher,R,,,,,59,60,60,70
American League,AL West,Seattle Mariners,64,Casey,Legumina,Pitcher,R,,,,,59,60,60,70
American League,AL West,Seattle Mariners,52,Ryan,Loutos,Pitcher,R,,,,,59,60,60,70
American League,AL West,Seattle Mariners,50,Bryce,Miller,Pitcher,R,,,,,59,60,60,70
American League,AL West,Seattle Mariners,75,Andres,Munoz,Pitcher,R,,,,,59,60,60,70
American League,AL West,Seattle Mariners,59,Troy,Taylor,Pitcher,R,,,,,59,60,60,70
American League,AL West,Seattle Mariners,54,Carlos,Vargas,Pitcher,R,,,,,59,60,60,70
American League,AL West,Seattle Mariners,43,Cole,Wilcox,Pitcher,R,,,,,59,60,60,70
American League,AL West,Seattle Mariners,92,Dylan,Wilson,Pitcher,R,,,,,59,60,60,70
American League,AL West,Seattle Mariners,22,Bryan,Woo,Pitcher,R,,,,,59,60,60,70
American League,AL West,Seattle Mariners,61,Yosver,Zulueta,Pitcher,R,,,,,59,60,60,70
American League,AL West,Seattle Mariners,25,Andrew,Knizner,Catcher,R,32,50,35,10,,,,
American League,AL West,Seattle Mariners,5,Jhonny,Pereda,Catcher,R,32,50,35,10,,,,
American League,AL West,Seattle Mariners,1,Ryan,Bliss,Infielder,R,52,40,55,65,,,,
American League,AL West,Seattle Mariners,56,Randy,Arozarena,Outfielder,R,52,60,35,40,,,,
American League,AL West,Seattle Mariners,30,Rob,Refsnyder,Outfielder,R,52,60,35,40,,,,
American League,AL West,Seattle Mariners,10,Victor,Robles,Outfielder,R,52,60,35,40,,,,
American League,AL West,Seattle Mariners,44,Julio,Rodriguez,Outfielder,R,52,60,35,40,,,,
National League,NL Central,St Louis Cardinals,62,Kyle,Leahy,Pitcher,B,,,,,59,60,60,70
National League,NL Central,St Louis Cardinals,13,Leonardo,Bernal,Catcher,B,32,50,35,10,,,,
National League,NL Central,St Louis Cardinals,47,Justin,Bruihl,Pitcher,L,,,,,59,60,60,70
National League,NL Central,St Louis Cardinals,56,Cooper,Hjerpe,Pitcher,L,,,,,59,60,60,70
National League,NL Central,St Louis Cardinals,32,Matthew,Liberatore,Pitcher,L,,,,,59,60,60,70
National League,NL Central,St Louis Cardinals,52,Brycen,Mautz,Pitcher,L,,,,,59,60,60,70
National League,NL Central,St Louis Cardinals,36,Michael,McGreevy,Pitcher,L,,,,,59,60,60,70
National League,NL Central,St Louis Cardinals,59,JoJo,Romero,Pitcher,L,,,,,59,60,60,70
National League,NL Central,St Louis Cardinals,8,Jimmy,Crooks,Catcher,L,32,50,35,10,,,,
National League,NL Central,St Louis Cardinals,41,Alec,Burleson,Infielder,L,52,40,55,65,,,,
National League,NL Central,St Louis Cardinals,16,Nolan,Gorman,Infielder,L,52,40,55,65,,,,
National League,NL Central,St Louis Cardinals,31,Cesar,Prieto,Infielder,L,52,40,55,65,,,,
National League,NL Central,St Louis Cardinals,27,Nathan,Church,Outfielder,L,52,60,35,40,,,,
National League,NL Central,St Louis Cardinals,21,Lars,Nootbaar,Outfielder,L,52,60,35,40,,,,
National League,NL Central,St Louis Cardinals,99,Victor,Scott,Outfielder,L,52,60,35,40,,,,
National League,NL Central,St Louis Cardinals,39,Bryan,Torres,Outfielder,L,52,60,35,40,,,,
National League,NL Central,St Louis Cardinals,40,Hunter,Dobbins,Pitcher,R,,,,,59,60,60,70
National League,NL Central,St Louis Cardinals,64,Ryan,Fernandez,Pitcher,R,,,,,59,60,60,70
National League,NL Central,St Louis Cardinals,35,Richard,Fitts,Pitcher,R,,,,,59,60,60,70
National League,NL Central,St Louis Cardinals,44,Gordon,Graceffo,Pitcher,R,,,,,59,60,60,70
National League,NL Central,St Louis Cardinals,30,Tink,Hence,Pitcher,R,,,,,59,60,60,70
National League,NL Central,St Louis Cardinals,74,Zak,Kent,Pitcher,R,,,,,59,60,60,70
National League,NL Central,St Louis Cardinals,3,Dustin,May,Pitcher,R,,,,,59,60,60,70
National League,NL Central,St Louis Cardinals,61,Riley,O'Brien,Pitcher,R,,,,,59,60,60,70
National League,NL Central,St Louis Cardinals,53,Andre,Pallante,Pitcher,R,,,,,59,60,60,70
National League,NL Central,St Louis Cardinals,67,Matthew,Pushard,Pitcher,R,,,,,59,60,60,70
National League,NL Central,St Louis Cardinals,70,Nick,Raquet,Pitcher,R,,,,,59,60,60,70
National League,NL Central,St Louis Cardinals,38,Tekoah,Roby,Pitcher,R,,,,,59,60,60,70
National League,NL Central,St Louis Cardinals,58,Chris,Roycroft,Pitcher,R,,,,,59,60,60,70
National League,NL Central,St Louis Cardinals,65,George,Soriano,Pitcher,R,,,,,59,60,60,70
National League,NL Central,St Louis Cardinals,55,Ryne,Stanek,Pitcher,R,,,,,59,60,60,70
National League,NL Central,St Louis Cardinals,49,Matt,Svanson,Pitcher,R,,,,,59,60,60,70
National League,NL Central,St Louis Cardinals,38,Ryan,Tepera,Pitcher,R,,,,,59,60,60,70
National League,NL Central,St Louis Cardinals,48,Ivan,Herrera,Catcher,R,32,50,35,10,,,,
National League,NL Central,St Louis Cardinals,43,Pedro,Pages,Catcher,R,32,50,35,10,,,,
National League,NL Central,St Louis Cardinals,63,Yohel,Pozo,Catcher,R,32,50,35,10,,,,
National League,NL Central,St Louis Cardinals,15,Jose,Fermin,Infielder,R,52,40,55,65,,,,
National League,NL Central,St Louis Cardinals,25,Thomas,Saggese,Infielder,R,52,40,55,65,,,,
National League,NL Central,St Louis Cardinals,0,Masyn,Winn,Infielder,R,52,40,55,65,,,,
National League,NL Central,St Louis Cardinals,22,Joshua,Baez,Outfielder,R,52,60,35,40,,,,
National League,NL Central,St Louis Cardinals,18,Jordan,Walker,Outfielder,R,52,60,35,40,,,,
American League,AL East,Tampa Bay Rays,59,Mason,Englert,Pitcher,B,,,,,59,60,60,70
American League,AL East,Tampa Bay Rays,6,Taylor,Walls,Infielder,B,52,40,55,65,,,,
American League,AL East,Tampa Bay Rays,28,Nick,Martinez,Pitcher,L,,,,,59,60,60,70
American League,AL East,Tampa Bay Rays,18,Shane,McClanahan,Pitcher,L,,,,,59,60,60,70
American League,AL East,Tampa Bay Rays,68,Joe,Rock,Pitcher,L,,,,,59,60,60,70
American League,AL East,Tampa Bay Rays,61,Ian,Seymour,Pitcher,L,,,,,59,60,60,70
American League,AL East,Tampa Bay Rays,30,Hunter,Feduccia,Catcher,L,32,50,35,10,,,,
American League,AL East,Tampa Bay Rays,8,Jonathan,Aranda,Infielder,L,52,40,55,65,,,,
American League,AL East,Tampa Bay Rays,17,Jake,Fraley,Outfielder,L,52,60,35,40,,,,
American League,AL East,Tampa Bay Rays,11,Gavin,Lux,Outfielder,L,52,60,35,40,,,,
American League,AL East,Tampa Bay Rays,29,Jacob,Melton,Outfielder,L,52,60,35,40,,,,
American League,AL East,Tampa Bay Rays,99,Victor,Mesa,Outfielder,L,52,60,35,40,,,,
American League,AL East,Tampa Bay Rays,31,Cedric,Mullins,Outfielder,L,52,60,35,40,,,,
American League,AL East,Tampa Bay Rays,1,Richie,Palacios,Outfielder,L,52,60,35,40,,,,
American League,AL East,Tampa Bay Rays,14,Chandler,Simpson,Outfielder,L,52,60,35,40,,,,
American League,AL East,Tampa Bay Rays,47,Bryan,Baker,Pitcher,R,,,,,59,60,60,70
American League,AL East,Tampa Bay Rays,43,Hunter,Bigge,Pitcher,R,,,,,59,60,60,70
American League,AL East,Tampa Bay Rays,36,Joe,Boyle,Pitcher,R,,,,,59,60,60,70
American League,AL East,Tampa Bay Rays,60,Garrett,Cleavinger,Pitcher,R,,,,,59,60,60,70
American League,AL East,Tampa Bay Rays,54,Alexander,Cook,Pitcher,R,,,,,59,60,60,70
American League,AL East,Tampa Bay Rays,94,Yoendrys,Gomez,Pitcher,R,,,,,59,60,60,70
American League,AL East,Tampa Bay Rays,22,Griffin,Jax,Pitcher,R,,,,,59,60,60,70
American League,AL East,Tampa Bay Rays,49,Kevin,Kelly,Pitcher,R,,,,,59,60,60,70
American League,AL East,Tampa Bay Rays,32,Steven,Matz,Pitcher,R,,,,,59,60,60,70
American League,AL East,Tampa Bay Rays,44,Ryan,Pepiot,Pitcher,R,,,,,59,60,60,70
American League,AL East,Tampa Bay Rays,57,Drew,Rasmussen,Pitcher,R,,,,,59,60,60,70
American League,AL East,Tampa Bay Rays,65,Jesse,Scholtens,Pitcher,R,,,,,59,60,60,70
American League,AL East,Tampa Bay Rays,71,Cole,Sulser,Pitcher,R,,,,,59,60,60,70
American League,AL East,Tampa Bay Rays,63,Edwin,Uceta,Pitcher,R,,,,,59,60,60,70
American League,AL East,Tampa Bay Rays,24,Steven,Wilson,Pitcher,R,,,,,59,60,60,70
American League,AL East,Tampa Bay Rays,40,Nick,Fortes,Catcher,R,32,50,35,10,,,,
American League,AL East,Tampa Bay Rays,48,Dominic,Keegan,Catcher,R,32,50,35,10,,,,
American League,AL East,Tampa Bay Rays,45,Jadher,Areinamo,Infielder,R,52,40,55,65,,,,
American League,AL East,Tampa Bay Rays,13,Junior,Caminero,Infielder,R,52,40,55,65,,,,
American League,AL East,Tampa Bay Rays,2,Yandy,Diaz,Infielder,R,52,40,55,65,,,,
American League,AL East,Tampa Bay Rays,7,Carson,Williams,Infielder,R,52,40,55,65,,,,
American League,AL East,Tampa Bay Rays,15,Ben,Williamson,Infielder,R,52,40,55,65,,,,
American League,AL East,Tampa Bay Rays,21,Jonny,DeLuca,Outfielder,R,52,60,35,40,,,,
American League,AL East,Tampa Bay Rays,55,Justyn-Henry,Malloy,Outfielder,R,52,60,35,40,,,,
American League,AL East,Tampa Bay Rays,26,Ryan,Vilade,Outfielder,R,52,60,35,40,,,,
American League,AL West,Texas Rangers,0,Sam,Haggerty,Outfielder,B,52,60,35,40,,,,
American League,AL West,Texas Rangers,61,Cody,Bradford,Pitcher,L,,,,,59,60,60,70
American League,AL West,Texas Rangers,48,Jacob,deGrom,Pitcher,L,,,,,59,60,60,70
American League,AL West,Texas Rangers,1,MacKenzie,Gore,Pitcher,L,,,,,59,60,60,70
American League,AL West,Texas Rangers,52,Jordan,Montgomery,Pitcher,L,,,,,59,60,60,70
American League,AL West,Texas Rangers,3,Joc,Pederson,Infielder,L,52,40,55,65,,,,
American League,AL West,Texas Rangers,5,Corey,Seager,Infielder,L,52,40,55,65,,,,
American League,AL West,Texas Rangers,8,Josh,Smith,Infielder,L,52,40,55,65,,,,
American League,AL West,Texas Rangers,32,Evan,Carter,Outfielder,L,52,60,35,40,,,,
American League,AL West,Texas Rangers,24,Brandon,Nimmo,Outfielder,L,52,60,35,40,,,,
American League,AL West,Texas Rangers,19,Alejandro,Osuna,Outfielder,L,52,60,35,40,,,,
American League,AL West,Texas Rangers,13,Tyler,Alexander,Pitcher,R,,,,,59,60,60,70
American League,AL West,Texas Rangers,68,Carter,Baumler,Pitcher,R,,,,,59,60,60,70
American League,AL West,Texas Rangers,30,Marc,Church,Pitcher,R,,,,,59,60,60,70
American League,AL West,Texas Rangers,59,Jose,Corniell,Pitcher,R,,,,,59,60,60,70
American League,AL West,Texas Rangers,57,Luis,Curvelo,Pitcher,R,,,,,59,60,60,70
American League,AL West,Texas Rangers,72,David,Davalillo,Pitcher,R,,,,,59,60,60,70
American League,AL West,Texas Rangers,43,Alexis,Diaz,Pitcher,R,,,,,59,60,60,70
American League,AL West,Texas Rangers,17,Nathan,Eovaldi,Pitcher,R,,,,,59,60,60,70
American League,AL West,Texas Rangers,62,Robert,Garcia,Pitcher,R,,,,,59,60,60,70
American League,AL West,Texas Rangers,16,Jakob,Junis,Pitcher,R,,,,,59,60,60,70
American League,AL West,Texas Rangers,67,Jacob,Latz,Pitcher,R,,,,,59,60,60,70
American League,AL West,Texas Rangers,22,Jack,Leiter,Pitcher,R,,,,,59,60,60,70
American League,AL West,Texas Rangers,74,Leandro,Lopez,Pitcher,R,,,,,59,60,60,70
American League,AL West,Texas Rangers,31,Chris,Martin,Pitcher,R,,,,,59,60,60,70
American League,AL West,Texas Rangers,63,Michel,Otanez,Pitcher,R,,,,,59,60,60,70
American League,AL West,Texas Rangers,80,Kumar,Rocker,Pitcher,R,,,,,59,60,60,70
American League,AL West,Texas Rangers,84,Winston,Santos,Pitcher,R,,,,,59,60,60,70
American League,AL West,Texas Rangers,59,Cole,Stasio,Pitcher,R,,,,,59,60,60,70
American League,AL West,Texas Rangers,82,Emiliano,Teodo,Pitcher,R,,,,,59,60,60,70
American League,AL West,Texas Rangers,60,Cole,Winn,Pitcher,R,,,,,59,60,60,70
American League,AL West,Texas Rangers,11,Kyle,Higashioka,Catcher,R,32,50,35,10,,,,
American League,AL West,Texas Rangers,9,Danny,Jansen,Catcher,R,32,50,35,10,,,,
American League,AL West,Texas Rangers,47,Willie,MacIver,Catcher,R,32,50,35,10,,,,
American League,AL West,Texas Rangers,21,Jake,Burger,Infielder,R,52,40,55,65,,,,
American League,AL West,Texas Rangers,20,Ezequiel,Duran,Infielder,R,52,40,55,65,,,,
American League,AL West,Texas Rangers,56,Justin,Foscue,Infielder,R,52,40,55,65,,,,
American League,AL West,Texas Rangers,39,Cody,Freeman,Infielder,R,52,40,55,65,,,,
American League,AL West,Texas Rangers,6,Josh,Jung,Infielder,R,52,40,55,65,,,,
American League,AL West,Texas Rangers,23,Michael,Helman,Outfielder,R,52,60,35,40,,,,
American League,AL West,Texas Rangers,36,Wyatt,Langford,Outfielder,R,52,60,35,40,,,,
American League,AL East,Toronto Blue Jays,55,Tyler,Heineman,Catcher,B,32,50,35,10,,,,
American League,AL East,Toronto Blue Jays,59,Brandon,Valenzuela,Catcher,B,32,50,35,10,,,,
American League,AL East,Toronto Blue Jays,8,Jonatan,Clase,Outfielder,B,52,60,35,40,,,,
American League,AL East,Toronto Blue Jays,25,Anthony,Santander,Outfielder,B,52,60,35,40,,,,
American League,AL East,Toronto Blue Jays,34,Kevin,Gausman,Pitcher,L,,,,,59,60,60,70
American League,AL East,Toronto Blue Jays,54,Brendon,Little,Pitcher,L,,,,,59,60,60,70
American League,AL East,Toronto Blue Jays,64,Adam,Macko,Pitcher,L,,,,,59,60,60,70
American League,AL East,Toronto Blue Jays,33,Ricky,Tiedemann,Pitcher,L,,,,,59,60,60,70
American League,AL East,Toronto Blue Jays,77,Louis,Varland,Pitcher,L,,,,,59,60,60,70
American League,AL East,Toronto Blue Jays,47,Addison,Barger,Infielder,L,52,40,55,65,,,,
American League,AL East,Toronto Blue Jays,0,Andres,Gimenez,Infielder,L,52,40,55,65,,,,
American League,AL East,Toronto Blue Jays,38,Nathan,Lukes,Outfielder,L,52,60,35,40,,,,
American League,AL East,Toronto Blue Jays,12,Jesus,Sanchez,Outfielder,L,52,60,35,40,,,,
American League,AL East,Toronto Blue Jays,5,Daulton,Varsho,Outfielder,L,52,60,35,40,,,,
American League,AL East,Toronto Blue Jays,99,Angel,Bastardo,Pitcher,R,,,,,59,60,60,70
American League,AL East,Toronto Blue Jays,17,Jose,Berrios,Pitcher,R,,,,,59,60,60,70
American League,AL East,Toronto Blue Jays,57,Shane,Bieber,Pitcher,R,,,,,59,60,60,70
American League,AL East,Toronto Blue Jays,28,Jake,Bloss,Pitcher,R,,,,,59,60,60,70
American League,AL East,Toronto Blue Jays,84,Dylan,Cease,Pitcher,R,,,,,59,60,60,70
American League,AL East,Toronto Blue Jays,60,Lazaro,Estrada,Pitcher,R,,,,,59,60,60,70
American League,AL East,Toronto Blue Jays,63,Braydon,Fisher,Pitcher,R,,,,,59,60,60,70
American League,AL East,Toronto Blue Jays,68,Mason,Fluharty,Pitcher,R,,,,,59,60,60,70
American League,AL East,Toronto Blue Jays,93,Yimi,Garcia,Pitcher,R,,,,,59,60,60,70
American League,AL East,Toronto Blue Jays,23,Jeff,Hoffman,Pitcher,R,,,,,59,60,60,70
American League,AL East,Toronto Blue Jays,56,Eric,Lauer,Pitcher,R,,,,,59,60,60,70
American League,AL East,Toronto Blue Jays,52,Chase,Lee,Pitcher,R,,,,,59,60,60,70
American League,AL East,Toronto Blue Jays,45,Tommy,Nance,Pitcher,R,,,,,59,60,60,70
American League,AL East,Toronto Blue Jays,66,Cody,Ponce,Pitcher,R,,,,,59,60,60,70
American League,AL East,Toronto Blue Jays,71,Tyler,Rogers,Pitcher,R,,,,,59,60,60,70
American League,AL East,Toronto Blue Jays,39,Trey,Yesavage,Pitcher,R,,,,,59,60,60,70
American League,AL East,Toronto Blue Jays,30,Alejandro,Kirk,Catcher,R,32,50,35,10,,,,
American League,AL East,Toronto Blue Jays,22,Ernie,Clement,Infielder,R,52,40,55,65,,,,
American League,AL East,Toronto Blue Jays,20,Ben,Cowles,Infielder,R,52,40,55,65,,,,
American League,AL East,Toronto Blue Jays,99,Vladimir,Guerrero,Infielder,R,52,40,55,65,,,,
American League,AL East,Toronto Blue Jays,49,Leo,Jimenez,Infielder,R,52,40,55,65,,,,
American League,AL East,Toronto Blue Jays,7,Kazuma,Okamoto,Infielder,R,52,40,55,65,,,,
American League,AL East,Toronto Blue Jays,36,Davis,Schneider,Outfielder,R,52,60,35,40,,,,
American League,AL East,Toronto Blue Jays,4,George,Springer,Outfielder,R,52,60,35,40,,,,
American League,AL East,Toronto Blue Jays,3,Myles,Straw,Outfielder,R,52,60,35,40,,,,
National League,NL East,Washington Nationals,14,Drew,Millas,Catcher,B,32,50,35,10,,,,
National League,NL East,Washington Nationals,20,Keibert,Ruiz,Catcher,B,32,50,35,10,,,,
National League,NL East,Washington Nationals,26,Nasim,Nunez,Infielder,B,52,40,55,65,,,,
National League,NL East,Washington Nationals,54,Andrew,Alvarez,Pitcher,L,,,,,59,60,60,70
National League,NL East,Washington Nationals,46,Jake,Eder,Pitcher,L,,,,,59,60,60,70
National League,NL East,Washington Nationals,55,Richard,Lovelady,Pitcher,L,,,,,59,60,60,70
National League,NL East,Washington Nationals,70,Mitchell,Parker,Pitcher,L,,,,,59,60,60,70
National League,NL East,Washington Nationals,75,Paxton,Schultz,Pitcher,L,,,,,59,60,60,70
National League,NL East,Washington Nationals,81,Gus,Varland,Pitcher,L,,,,,59,60,60,70
National League,NL East,Washington Nationals,52,Ken,Waldichuk,Pitcher,L,,,,,59,60,60,70
National League,NL East,Washington Nationals,5,CJ,Abrams,Infielder,L,52,40,55,65,,,,
National League,NL East,Washington Nationals,99,Luis,Garcia,Infielder,L,52,40,55,65,,,,
National League,NL East,Washington Nationals,76,Abimelec,Ortiz,Infielder,L,52,40,55,65,,,,
National League,NL East,Washington Nationals,8,Jose,Tena,Infielder,L,52,40,55,65,,,,
National League,NL East,Washington Nationals,99,Robert,Hassell,Outfielder,L,52,60,35,40,,,,
National League,NL East,Washington Nationals,4,Daylen,Lile,Outfielder,L,52,60,35,40,,,,
National League,NL East,Washington Nationals,29,James,Wood,Outfielder,L,52,60,35,40,,,,
National League,NL East,Washington Nationals,39,Clayton,Beeter,Pitcher,R,,,,,59,60,60,70
National League,NL East,Washington Nationals,24,Cade,Cavalli,Pitcher,R,,,,,59,60,60,70
National League,NL East,Washington Nationals,74,Riley,Cornelio,Pitcher,R,,,,,59,60,60,70
National League,NL East,Washington Nationals,65,Julian,Fernandez,Pitcher,R,,,,,59,60,60,70
National League,NL East,Washington Nationals,79,Andre,Granillo,Pitcher,R,,,,,59,60,60,70
National League,NL East,Washington Nationals,40,Josiah,Gray,Pitcher,R,,,,,59,60,60,70
National League,NL East,Washington Nationals,22,Foster,Griffin,Pitcher,R,,,,,59,60,60,70
National League,NL East,Washington Nationals,99,Cole,Henry,Pitcher,R,,,,,59,60,60,70
National League,NL East,Washington Nationals,27,Jake,Irvin,Pitcher,R,,,,,59,60,60,70
National League,NL East,Washington Nationals,41,Brad,Lord,Pitcher,R,,,,,59,60,60,70
National League,NL East,Washington Nationals,25,Griff,McGarry,Pitcher,R,,,,,59,60,60,70
National League,NL East,Washington Nationals,36,Miles,Mikolas,Pitcher,R,,,,,59,60,60,70
National League,NL East,Washington Nationals,43,Luis,Perales,Pitcher,R,,,,,59,60,60,70
National League,NL East,Washington Nationals,50,P.J.,Poulin,Pitcher,R,,,,,59,60,60,70
National League,NL East,Washington Nationals,64,Orlando,Ribalta,Pitcher,R,,,,,59,60,60,70
National League,NL East,Washington Nationals,44,Jackson,Rutledge,Pitcher,R,,,,,59,60,60,70
National League,NL East,Washington Nationals,17,Harry,Ford,Catcher,R,32,50,35,10,,,,
National League,NL East,Washington Nationals,87,Andres,Chaparro,Infielder,R,52,40,55,65,,,,
National League,NL East,Washington Nationals,12,Brady,House,Infielder,R,52,40,55,65,,,,
National League,NL East,Washington Nationals,3,Dylan,Crews,Outfielder,R,52,60,35,40,,,,
National League,NL East,Washington Nationals,33,Christian,Franklin,Outfielder,R,52,60,35,40,,,,
National League,NL East,Washington Nationals,21,Joey,Wiemer,Outfielder,R,52,60,35,40,,,,
National League,NL East,Washington Nationals,30,Jacob,Young,Outfielder,R,52,60,35,40,,,,
National League,NL East,New York Mets,84,Alex,Carrillo,Pitcher,R,,,,,59,60,60,70
National League,NL East,New York Mets,40,Luis,Garcia,Pitcher,R,,,,,59,60,60,70
National League,NL East,New York Mets,60,Reed,Garrett,Pitcher,R,,,,,59,60,60,70
National League,NL East,New York Mets,56,Joey,Gerber,Pitcher,R,,,,,59,60,60,70
National League,NL East,New York Mets,47,Justin,Hagenman,Pitcher,R,,,,,59,60,60,70
National League,NL East,New York Mets,35,Clay,Holmes,Pitcher,R,,,,,59,60,60,70
National League,NL East,New York Mets,78,Bryan,Hudson,Pitcher,R,,,,,59,60,60,70
National League,NL East,New York Mets,59,Sean,Manaea,Pitcher,R,,,,,59,60,60,70
National League,NL East,New York Mets,26,Nolan,McLean,Pitcher,R,,,,,59,60,60,70
National League,NL East,New York Mets,60,Tyler,Megill,Pitcher,R,,,,,59,60,60,70
National League,NL East,New York Mets,33,A. J.,Minter,Pitcher,R,,,,,59,60,60,70
National League,NL East,New York Mets,32,Tobias,Myers,Pitcher,R,,,,,59,60,60,70
National League,NL East,New York Mets,6,Dedniel,Nunez,Pitcher,R,,,,,59,60,60,70
National League,NL East,New York Mets,51,Freddy,Peralta,Pitcher,R,,,,,59,60,60,70
National League,NL East,New York Mets,4,Francisco,Alvarez,Catcher,R,32,50,35,10,,,,
National League,NL East,New York Mets,7,Brett,Baty,Infielder,R,52,40,55,65,,,,
National League,NL East,New York Mets,19,Bo,Bichette,Infielder,R,52,40,55,65,,,,
National League,NL East,New York Mets,12,Francisco,Lindor,Infielder,R,52,40,55,65,,,,
National League,NL East,New York Mets,11,Jorge,Polanco,Infielder,R,52,40,55,65,,,,
National League,NL East,New York Mets,10,Marcuss,Semien,Infielder,R,52,40,55,65,,,,
National League,NL East,New York Mets,22,Juan,Soto,Outfielder,R,52,60,35,40,,,,
National League,NL East,New York Mets,15,Tyrone,Taylor,Outfielder,R,52,60,35,40,,,,
National League,NL East,New York Mets,29,Jared,Young,Outfielder,R,52,60,35,40,,,,